1560767037,emitter-0,6176Ki
1560767037,emitter-4,6384Ki
1560767037,emitter-3,6356Ki
1560767037,emitter-1,7632Ki
1560767037,emitter-2,5676Ki
1560767039,emitter-1,7632Ki
1560767039,emitter-0,6176Ki
1560767039,emitter-3,6356Ki
1560767039,emitter-4,6384Ki
1560767039,emitter-2,5676Ki
1560767040,emitter-4,6384Ki
1560767040,emitter-1,7632Ki
1560767040,emitter-2,5676Ki
1560767040,emitter-3,6356Ki
1560767040,emitter-0,6176Ki
1560767041,emitter-1,7632Ki
1560767041,emitter-2,5676Ki
1560767041,emitter-4,6384Ki
1560767041,emitter-3,6356Ki
1560767041,emitter-0,6176Ki
1560767042,emitter-0,6176Ki
1560767042,emitter-1,7632Ki
1560767042,emitter-2,5676Ki
1560767042,emitter-4,6384Ki
1560767042,emitter-3,6356Ki
1560767043,emitter-3,6356Ki
1560767043,emitter-4,6384Ki
1560767043,emitter-1,7632Ki
1560767043,emitter-0,6176Ki
1560767043,emitter-2,5676Ki
1560767044,emitter-3,6356Ki
1560767044,emitter-1,7632Ki
1560767044,emitter-4,6384Ki
1560767044,emitter-0,6176Ki
1560767044,emitter-2,5676Ki
1560767045,emitter-2,5676Ki
1560767045,emitter-4,6384Ki
1560767045,emitter-1,7632Ki
1560767045,emitter-0,6176Ki
1560767045,emitter-3,6356Ki
1560767046,emitter-1,7632Ki
1560767046,emitter-4,6384Ki
1560767046,emitter-2,5676Ki
1560767046,emitter-0,6176Ki
1560767046,emitter-3,6356Ki
1560767047,emitter-1,7632Ki
1560767047,emitter-4,6384Ki
1560767047,emitter-0,6176Ki
1560767047,emitter-3,6356Ki
1560767047,emitter-2,5676Ki
1560767048,emitter-2,5676Ki
1560767048,emitter-4,6384Ki
1560767048,emitter-1,7632Ki
1560767048,emitter-3,6356Ki
1560767048,emitter-0,6176Ki
1560767049,emitter-3,6356Ki
1560767049,emitter-1,7632Ki
1560767049,emitter-2,5676Ki
1560767049,emitter-4,6384Ki
1560767049,emitter-0,6176Ki
1560767050,emitter-4,6384Ki
1560767050,emitter-3,6356Ki
1560767050,emitter-0,6176Ki
1560767050,emitter-1,7632Ki
1560767050,emitter-2,5676Ki
1560767051,emitter-1,7632Ki
1560767051,emitter-4,6384Ki
1560767051,emitter-2,5676Ki
1560767051,emitter-3,6356Ki
1560767051,emitter-0,6176Ki
1560767052,emitter-0,6176Ki
1560767052,emitter-1,7632Ki
1560767052,emitter-3,6356Ki
1560767052,emitter-2,5676Ki
1560767052,emitter-4,6384Ki
1560767053,emitter-3,6356Ki
1560767053,emitter-1,7632Ki
1560767053,emitter-0,6176Ki
1560767053,emitter-4,6384Ki
1560767053,emitter-2,5676Ki
1560767054,emitter-0,6176Ki
1560767054,emitter-2,5676Ki
1560767054,emitter-4,6384Ki
1560767054,emitter-3,6356Ki
1560767054,emitter-1,7632Ki
1560767055,emitter-2,5676Ki
1560767055,emitter-4,6384Ki
1560767055,emitter-0,6176Ki
1560767055,emitter-1,7632Ki
1560767055,emitter-3,6356Ki
1560767056,emitter-3,6356Ki
1560767056,emitter-1,7632Ki
1560767056,emitter-2,5676Ki
1560767056,emitter-0,6176Ki
1560767056,emitter-4,6384Ki
1560767057,emitter-0,6176Ki
1560767057,emitter-4,6384Ki
1560767057,emitter-3,6356Ki
1560767057,emitter-1,7632Ki
1560767057,emitter-2,5676Ki
1560767058,emitter-2,5676Ki
1560767058,emitter-0,6176Ki
1560767058,emitter-4,6384Ki
1560767058,emitter-3,6356Ki
1560767058,emitter-1,7632Ki
1560767059,emitter-2,5676Ki
1560767059,emitter-0,6176Ki
1560767059,emitter-4,6384Ki
1560767059,emitter-3,6356Ki
1560767059,emitter-1,7632Ki
1560767060,emitter-1,7632Ki
1560767060,emitter-0,6176Ki
1560767060,emitter-3,6356Ki
1560767060,emitter-2,5676Ki
1560767060,emitter-4,6384Ki
1560767061,emitter-0,6176Ki
1560767061,emitter-3,6356Ki
1560767061,emitter-2,5676Ki
1560767061,emitter-4,6384Ki
1560767061,emitter-1,7632Ki
1560767062,emitter-1,7632Ki
1560767062,emitter-2,5676Ki
1560767062,emitter-4,6384Ki
1560767062,emitter-3,6356Ki
1560767062,emitter-0,6176Ki
1560767063,emitter-2,5676Ki
1560767063,emitter-0,6176Ki
1560767063,emitter-3,6356Ki
1560767063,emitter-1,7632Ki
1560767063,emitter-4,6384Ki
1560767065,emitter-3,6356Ki
1560767065,emitter-0,6176Ki
1560767065,emitter-1,7632Ki
1560767065,emitter-4,6384Ki
1560767065,emitter-2,5676Ki
1560767066,emitter-2,5676Ki
1560767066,emitter-0,6176Ki
1560767066,emitter-3,6356Ki
1560767066,emitter-4,6384Ki
1560767066,emitter-1,7632Ki
1560767067,emitter-1,7632Ki
1560767067,emitter-0,6176Ki
1560767067,emitter-4,6384Ki
1560767067,emitter-3,6356Ki
1560767067,emitter-2,5676Ki
1560767068,emitter-4,6384Ki
1560767068,emitter-3,6356Ki
1560767068,emitter-1,7632Ki
1560767068,emitter-2,5676Ki
1560767068,emitter-0,6176Ki
1560767069,emitter-3,6356Ki
1560767069,emitter-2,5676Ki
1560767069,emitter-4,6384Ki
1560767069,emitter-1,7632Ki
1560767069,emitter-0,6176Ki
1560767070,emitter-3,6356Ki
1560767070,emitter-4,6384Ki
1560767070,emitter-1,7632Ki
1560767070,emitter-2,5676Ki
1560767070,emitter-0,6176Ki
1560767071,emitter-3,6356Ki
1560767071,emitter-0,6176Ki
1560767071,emitter-4,6384Ki
1560767071,emitter-1,7632Ki
1560767071,emitter-2,5676Ki
1560767072,emitter-3,7744Ki
1560767072,emitter-1,8812Ki
1560767072,emitter-0,6912Ki
1560767072,emitter-4,7144Ki
1560767072,emitter-2,6936Ki
1560767073,emitter-4,7144Ki
1560767073,emitter-0,6912Ki
1560767073,emitter-1,8812Ki
1560767073,emitter-2,6936Ki
1560767073,emitter-3,7744Ki
1560767074,emitter-2,6936Ki
1560767074,emitter-3,7744Ki
1560767074,emitter-0,6912Ki
1560767074,emitter-1,8812Ki
1560767074,emitter-4,7144Ki
1560767075,emitter-0,6912Ki
1560767075,emitter-3,7744Ki
1560767075,emitter-1,8812Ki
1560767075,emitter-2,6936Ki
1560767075,emitter-4,7144Ki
1560767076,emitter-2,6936Ki
1560767076,emitter-0,6912Ki
1560767076,emitter-4,7144Ki
1560767076,emitter-3,7744Ki
1560767076,emitter-1,8812Ki
1560767077,emitter-4,7144Ki
1560767077,emitter-3,7744Ki
1560767077,emitter-2,6936Ki
1560767077,emitter-1,8812Ki
1560767077,emitter-0,6912Ki
1560767078,emitter-1,8812Ki
1560767078,emitter-2,6936Ki
1560767078,emitter-0,6912Ki
1560767078,emitter-4,7144Ki
1560767078,emitter-3,7744Ki
1560767079,emitter-0,6912Ki
1560767079,emitter-4,7144Ki
1560767079,emitter-1,8812Ki
1560767079,emitter-2,6936Ki
1560767079,emitter-3,7744Ki
1560767080,emitter-0,6912Ki
1560767080,emitter-3,7744Ki
1560767080,emitter-2,6936Ki
1560767080,emitter-1,8812Ki
1560767080,emitter-4,7144Ki
1560767081,emitter-1,8812Ki
1560767081,emitter-0,6912Ki
1560767081,emitter-4,7144Ki
1560767081,emitter-3,7744Ki
1560767081,emitter-2,6936Ki
1560767082,emitter-4,7144Ki
1560767082,emitter-0,6912Ki
1560767082,emitter-1,8812Ki
1560767082,emitter-3,7744Ki
1560767082,emitter-2,6936Ki
1560767083,emitter-1,8812Ki
1560767083,emitter-3,7744Ki
1560767083,emitter-2,6936Ki
1560767083,emitter-4,7144Ki
1560767083,emitter-0,6912Ki
1560767084,emitter-1,8812Ki
1560767084,emitter-0,6912Ki
1560767084,emitter-3,7744Ki
1560767084,emitter-2,6936Ki
1560767084,emitter-4,7144Ki
1560767085,emitter-2,6936Ki
1560767085,emitter-4,7144Ki
1560767085,emitter-1,8812Ki
1560767085,emitter-0,6912Ki
1560767085,emitter-3,7744Ki
1560767086,emitter-4,7144Ki
1560767086,emitter-1,8812Ki
1560767086,emitter-0,6912Ki
1560767086,emitter-2,6936Ki
1560767086,emitter-3,7744Ki
1560767087,emitter-1,8812Ki
1560767087,emitter-4,7144Ki
1560767087,emitter-3,7744Ki
1560767087,emitter-2,6936Ki
1560767087,emitter-0,6912Ki
1560767088,emitter-4,7144Ki
1560767088,emitter-3,7744Ki
1560767088,emitter-2,6936Ki
1560767088,emitter-0,6912Ki
1560767088,emitter-1,8812Ki
1560767089,emitter-0,6912Ki
1560767089,emitter-3,7744Ki
1560767089,emitter-2,6936Ki
1560767089,emitter-4,7144Ki
1560767089,emitter-1,8812Ki
1560767090,emitter-3,7744Ki
1560767090,emitter-0,6912Ki
1560767090,emitter-1,8812Ki
1560767090,emitter-4,7144Ki
1560767090,emitter-2,6936Ki
1560767092,emitter-1,8812Ki
1560767092,emitter-0,6912Ki
1560767092,emitter-4,7144Ki
1560767092,emitter-3,7744Ki
1560767092,emitter-2,6936Ki
1560767093,emitter-4,7144Ki
1560767093,emitter-3,7744Ki
1560767093,emitter-0,6912Ki
1560767093,emitter-1,8812Ki
1560767093,emitter-2,6936Ki
1560767094,emitter-4,7144Ki
1560767094,emitter-1,8812Ki
1560767094,emitter-0,6912Ki
1560767094,emitter-3,7744Ki
1560767094,emitter-2,6936Ki
1560767095,emitter-3,7744Ki
1560767095,emitter-1,8812Ki
1560767095,emitter-2,6936Ki
1560767095,emitter-0,6912Ki
1560767095,emitter-4,7144Ki
1560767096,emitter-3,7744Ki
1560767096,emitter-1,8812Ki
1560767096,emitter-0,6912Ki
1560767096,emitter-2,6936Ki
1560767096,emitter-4,7144Ki
1560767097,emitter-4,7144Ki
1560767097,emitter-3,7744Ki
1560767097,emitter-1,8812Ki
1560767097,emitter-2,6936Ki
1560767097,emitter-0,6912Ki
1560767098,emitter-1,8812Ki
1560767098,emitter-4,7144Ki
1560767098,emitter-2,6936Ki
1560767098,emitter-0,6912Ki
1560767098,emitter-3,7744Ki
1560767099,emitter-1,8812Ki
1560767099,emitter-4,7144Ki
1560767099,emitter-2,6936Ki
1560767099,emitter-0,6912Ki
1560767099,emitter-3,7744Ki
1560767100,emitter-3,7744Ki
1560767100,emitter-1,8812Ki
1560767100,emitter-0,6912Ki
1560767100,emitter-4,7144Ki
1560767100,emitter-2,6936Ki
1560767101,emitter-4,7144Ki
1560767101,emitter-3,7744Ki
1560767101,emitter-2,6936Ki
1560767101,emitter-0,6912Ki
1560767101,emitter-1,8812Ki
1560767102,emitter-3,7744Ki
1560767102,emitter-2,6936Ki
1560767102,emitter-4,7144Ki
1560767102,emitter-0,6912Ki
1560767102,emitter-1,8812Ki
1560767103,emitter-1,8812Ki
1560767103,emitter-4,7144Ki
1560767103,emitter-3,7744Ki
1560767103,emitter-2,6936Ki
1560767103,emitter-0,6912Ki
1560767104,emitter-2,6936Ki
1560767104,emitter-4,7144Ki
1560767104,emitter-1,8812Ki
1560767104,emitter-0,6912Ki
1560767104,emitter-3,7744Ki
1560767105,emitter-0,6912Ki
1560767105,emitter-4,7144Ki
1560767105,emitter-3,7744Ki
1560767105,emitter-2,6936Ki
1560767105,emitter-1,8812Ki
1560767106,emitter-0,6912Ki
1560767106,emitter-3,7744Ki
1560767106,emitter-2,6936Ki
1560767106,emitter-4,7144Ki
1560767106,emitter-1,8812Ki
1560767107,emitter-2,6936Ki
1560767107,emitter-0,6912Ki
1560767107,emitter-1,8812Ki
1560767107,emitter-4,7144Ki
1560767107,emitter-3,7744Ki
1560767108,emitter-4,7144Ki
1560767108,emitter-1,8812Ki
1560767108,emitter-2,6936Ki
1560767108,emitter-3,7744Ki
1560767108,emitter-0,6912Ki
1560767109,emitter-4,7144Ki
1560767109,emitter-1,8812Ki
1560767109,emitter-0,6912Ki
1560767109,emitter-3,7744Ki
1560767109,emitter-2,6936Ki
1560767110,emitter-1,8812Ki
1560767110,emitter-3,7744Ki
1560767110,emitter-0,6912Ki
1560767110,emitter-2,6936Ki
1560767110,emitter-4,7144Ki
1560767111,emitter-1,8812Ki
1560767111,emitter-0,6912Ki
1560767111,emitter-4,7144Ki
1560767111,emitter-3,7744Ki
1560767111,emitter-2,6936Ki
1560767112,emitter-1,8812Ki
1560767112,emitter-2,6936Ki
1560767112,emitter-3,7744Ki
1560767112,emitter-0,6912Ki
1560767112,emitter-4,7144Ki
1560767113,emitter-3,7744Ki
1560767113,emitter-0,6912Ki
1560767113,emitter-4,7144Ki
1560767113,emitter-2,6936Ki
1560767113,emitter-1,8812Ki
1560767114,emitter-1,8812Ki
1560767114,emitter-0,6912Ki
1560767114,emitter-2,6936Ki
1560767114,emitter-4,7144Ki
1560767114,emitter-3,7744Ki
1560767115,emitter-3,7744Ki
1560767115,emitter-0,6912Ki
1560767115,emitter-4,7144Ki
1560767115,emitter-2,6936Ki
1560767115,emitter-1,8812Ki
1560767117,emitter-1,8812Ki
1560767117,emitter-0,6912Ki
1560767117,emitter-4,7144Ki
1560767117,emitter-3,7744Ki
1560767117,emitter-2,6936Ki
1560767118,emitter-4,7144Ki
1560767118,emitter-2,6936Ki
1560767118,emitter-0,6912Ki
1560767118,emitter-3,7744Ki
1560767118,emitter-1,8812Ki
1560767119,emitter-3,7744Ki
1560767119,emitter-4,7144Ki
1560767119,emitter-2,6936Ki
1560767119,emitter-0,6912Ki
1560767119,emitter-1,8812Ki
1560767120,emitter-1,8812Ki
1560767120,emitter-2,6936Ki
1560767120,emitter-0,6912Ki
1560767120,emitter-3,7744Ki
1560767120,emitter-4,7144Ki
1560767121,emitter-3,7744Ki
1560767121,emitter-1,8812Ki
1560767121,emitter-2,6936Ki
1560767121,emitter-0,6912Ki
1560767121,emitter-4,7144Ki
1560767122,emitter-3,7744Ki
1560767122,emitter-0,6912Ki
1560767122,emitter-1,8812Ki
1560767122,emitter-2,6936Ki
1560767122,emitter-4,7144Ki
1560767123,emitter-0,6912Ki
1560767123,emitter-2,6936Ki
1560767123,emitter-3,7744Ki
1560767123,emitter-4,7144Ki
1560767123,emitter-1,8812Ki
1560767124,emitter-4,7144Ki
1560767124,emitter-2,6936Ki
1560767124,emitter-0,6912Ki
1560767124,emitter-3,7744Ki
1560767124,emitter-1,8812Ki
1560767125,emitter-3,7744Ki
1560767125,emitter-0,6912Ki
1560767125,emitter-4,7144Ki
1560767125,emitter-1,8812Ki
1560767125,emitter-2,6936Ki
1560767126,emitter-2,6936Ki
1560767126,emitter-1,8812Ki
1560767126,emitter-0,6912Ki
1560767126,emitter-4,7144Ki
1560767126,emitter-3,7744Ki
1560767127,emitter-1,8812Ki
1560767127,emitter-0,6912Ki
1560767127,emitter-2,6936Ki
1560767127,emitter-4,7144Ki
1560767127,emitter-3,7744Ki
1560767128,emitter-3,7744Ki
1560767128,emitter-1,8812Ki
1560767128,emitter-4,7144Ki
1560767128,emitter-0,6912Ki
1560767128,emitter-2,6936Ki
1560767129,emitter-4,7144Ki
1560767129,emitter-3,7744Ki
1560767129,emitter-2,6936Ki
1560767129,emitter-0,6912Ki
1560767129,emitter-1,8812Ki
1560767130,emitter-3,7744Ki
1560767130,emitter-1,8812Ki
1560767130,emitter-2,6936Ki
1560767130,emitter-0,6912Ki
1560767130,emitter-4,7144Ki
1560767131,emitter-4,7160Ki
1560767131,emitter-2,7028Ki
1560767131,emitter-3,8460Ki
1560767131,emitter-1,9036Ki
1560767131,emitter-0,6940Ki
1560767132,emitter-0,6940Ki
1560767132,emitter-3,8460Ki
1560767132,emitter-2,7028Ki
1560767132,emitter-1,9036Ki
1560767132,emitter-4,7160Ki
1560767133,emitter-4,7160Ki
1560767133,emitter-2,7028Ki
1560767133,emitter-3,8460Ki
1560767133,emitter-0,6940Ki
1560767133,emitter-1,9036Ki
1560767134,emitter-4,7160Ki
1560767134,emitter-1,9036Ki
1560767134,emitter-2,7028Ki
1560767134,emitter-0,6940Ki
1560767134,emitter-3,8460Ki
1560767135,emitter-1,9036Ki
1560767135,emitter-0,6940Ki
1560767135,emitter-4,7160Ki
1560767135,emitter-3,8460Ki
1560767135,emitter-2,7028Ki
1560767136,emitter-1,9036Ki
1560767136,emitter-2,7028Ki
1560767136,emitter-3,8460Ki
1560767136,emitter-4,7160Ki
1560767136,emitter-0,6940Ki
1560767137,emitter-3,8460Ki
1560767137,emitter-4,7160Ki
1560767137,emitter-2,7028Ki
1560767137,emitter-0,6940Ki
1560767137,emitter-1,9036Ki
1560767138,emitter-3,8460Ki
1560767138,emitter-2,7028Ki
1560767138,emitter-4,7160Ki
1560767138,emitter-1,9036Ki
1560767138,emitter-0,6940Ki
1560767139,emitter-1,9036Ki
1560767139,emitter-3,8460Ki
1560767139,emitter-2,7028Ki
1560767139,emitter-4,7160Ki
1560767139,emitter-0,6940Ki
1560767140,emitter-0,6940Ki
1560767140,emitter-4,7160Ki
1560767140,emitter-3,8460Ki
1560767140,emitter-1,9036Ki
1560767140,emitter-2,7028Ki
1560767142,emitter-3,8460Ki
1560767142,emitter-1,9036Ki
1560767142,emitter-2,7028Ki
1560767142,emitter-0,6940Ki
1560767142,emitter-4,7160Ki
1560767143,emitter-0,6940Ki
1560767143,emitter-2,7028Ki
1560767143,emitter-4,7160Ki
1560767143,emitter-1,9036Ki
1560767143,emitter-3,8460Ki
1560767144,emitter-0,6940Ki
1560767144,emitter-4,7160Ki
1560767144,emitter-3,8460Ki
1560767144,emitter-1,9036Ki
1560767144,emitter-2,7028Ki
1560767145,emitter-4,7160Ki
1560767145,emitter-3,8460Ki
1560767145,emitter-2,7028Ki
1560767145,emitter-0,6940Ki
1560767145,emitter-1,9036Ki
1560767146,emitter-1,9036Ki
1560767146,emitter-3,8460Ki
1560767146,emitter-2,7028Ki
1560767146,emitter-0,6940Ki
1560767146,emitter-4,7160Ki
1560767147,emitter-1,9036Ki
1560767147,emitter-2,7028Ki
1560767147,emitter-3,8460Ki
1560767147,emitter-4,7160Ki
1560767147,emitter-0,6940Ki
1560767148,emitter-1,9036Ki
1560767148,emitter-0,6940Ki
1560767148,emitter-4,7160Ki
1560767148,emitter-2,7028Ki
1560767148,emitter-3,8460Ki
1560767149,emitter-1,9036Ki
1560767149,emitter-2,7028Ki
1560767149,emitter-4,7160Ki
1560767149,emitter-0,6940Ki
1560767149,emitter-3,8460Ki
1560767150,emitter-2,7028Ki
1560767150,emitter-4,7160Ki
1560767150,emitter-3,8460Ki
1560767150,emitter-0,6940Ki
1560767150,emitter-1,9036Ki
1560767151,emitter-2,7028Ki
1560767151,emitter-3,8460Ki
1560767151,emitter-1,9036Ki
1560767151,emitter-4,7160Ki
1560767151,emitter-0,6940Ki
1560767152,emitter-1,9036Ki
1560767152,emitter-3,8460Ki
1560767152,emitter-0,6940Ki
1560767152,emitter-4,7160Ki
1560767152,emitter-2,7028Ki
1560767153,emitter-0,6940Ki
1560767153,emitter-1,9036Ki
1560767153,emitter-3,8460Ki
1560767153,emitter-2,7028Ki
1560767153,emitter-4,7160Ki
1560767154,emitter-2,7028Ki
1560767154,emitter-3,8460Ki
1560767154,emitter-0,6940Ki
1560767154,emitter-1,9036Ki
1560767154,emitter-4,7160Ki
1560767155,emitter-1,9036Ki
1560767155,emitter-2,7028Ki
1560767155,emitter-3,8460Ki
1560767155,emitter-4,7160Ki
1560767155,emitter-0,6940Ki
1560767156,emitter-4,7160Ki
1560767156,emitter-1,9036Ki
1560767156,emitter-0,6940Ki
1560767156,emitter-2,7028Ki
1560767156,emitter-3,8460Ki
1560767157,emitter-4,7160Ki
1560767157,emitter-1,9036Ki
1560767157,emitter-2,7028Ki
1560767157,emitter-0,6940Ki
1560767157,emitter-3,8460Ki
1560767158,emitter-4,7160Ki
1560767158,emitter-3,8460Ki
1560767158,emitter-2,7028Ki
1560767158,emitter-0,6940Ki
1560767158,emitter-1,9036Ki
1560767159,emitter-0,6940Ki
1560767159,emitter-3,8460Ki
1560767159,emitter-4,7160Ki
1560767159,emitter-2,7028Ki
1560767159,emitter-1,9036Ki
1560767160,emitter-1,9036Ki
1560767160,emitter-3,8460Ki
1560767160,emitter-2,7028Ki
1560767160,emitter-0,6940Ki
1560767160,emitter-4,7160Ki
1560767161,emitter-1,9036Ki
1560767161,emitter-0,6940Ki
1560767161,emitter-2,7028Ki
1560767161,emitter-4,7160Ki
1560767161,emitter-3,8460Ki
1560767162,emitter-0,6940Ki
1560767162,emitter-1,9036Ki
1560767162,emitter-4,7160Ki
1560767162,emitter-2,7028Ki
1560767162,emitter-3,8460Ki
1560767163,emitter-2,7028Ki
1560767163,emitter-1,9036Ki
1560767163,emitter-0,6940Ki
1560767163,emitter-4,7160Ki
1560767163,emitter-3,8460Ki
1560767165,emitter-2,7028Ki
1560767165,emitter-0,6940Ki
1560767165,emitter-4,7160Ki
1560767165,emitter-1,9036Ki
1560767165,emitter-3,8460Ki
1560767166,emitter-4,7160Ki
1560767166,emitter-2,7028Ki
1560767166,emitter-0,6940Ki
1560767166,emitter-3,8460Ki
1560767166,emitter-1,9036Ki
1560767167,emitter-1,9036Ki
1560767167,emitter-0,6940Ki
1560767167,emitter-2,7028Ki
1560767167,emitter-4,7160Ki
1560767167,emitter-3,8460Ki
1560767168,emitter-2,7028Ki
1560767168,emitter-4,7160Ki
1560767168,emitter-3,8460Ki
1560767168,emitter-1,9036Ki
1560767168,emitter-0,6940Ki
1560767169,emitter-1,9036Ki
1560767169,emitter-2,7028Ki
1560767169,emitter-4,7160Ki
1560767169,emitter-3,8460Ki
1560767169,emitter-0,6940Ki
1560767170,emitter-2,7028Ki
1560767170,emitter-4,7160Ki
1560767170,emitter-0,6940Ki
1560767170,emitter-1,9036Ki
1560767170,emitter-3,8460Ki
1560767171,emitter-1,9036Ki
1560767171,emitter-2,7028Ki
1560767171,emitter-4,7160Ki
1560767171,emitter-3,8460Ki
1560767171,emitter-0,6940Ki
1560767172,emitter-0,6940Ki
1560767172,emitter-1,9036Ki
1560767172,emitter-2,7028Ki
1560767172,emitter-4,7160Ki
1560767172,emitter-3,8460Ki
1560767173,emitter-1,9036Ki
1560767173,emitter-0,6940Ki
1560767173,emitter-3,8460Ki
1560767173,emitter-2,7028Ki
1560767173,emitter-4,7160Ki
1560767174,emitter-4,7160Ki
1560767174,emitter-3,8460Ki
1560767174,emitter-1,9036Ki
1560767174,emitter-0,6940Ki
1560767174,emitter-2,7028Ki
1560767175,emitter-4,7160Ki
1560767175,emitter-3,8460Ki
1560767175,emitter-2,7028Ki
1560767175,emitter-1,9036Ki
1560767175,emitter-0,6940Ki
1560767176,emitter-2,7028Ki
1560767176,emitter-4,7160Ki
1560767176,emitter-1,9036Ki
1560767176,emitter-0,6940Ki
1560767176,emitter-3,8460Ki
1560767177,emitter-4,7160Ki
1560767177,emitter-1,9036Ki
1560767177,emitter-2,7028Ki
1560767177,emitter-3,8460Ki
1560767177,emitter-0,6940Ki
1560767178,emitter-0,6940Ki
1560767178,emitter-2,7028Ki
1560767178,emitter-3,8460Ki
1560767178,emitter-1,9036Ki
1560767178,emitter-4,7160Ki
1560767179,emitter-3,8460Ki
1560767179,emitter-1,9036Ki
1560767179,emitter-2,7028Ki
1560767179,emitter-4,7160Ki
1560767179,emitter-0,6940Ki
1560767180,emitter-4,7160Ki
1560767180,emitter-3,8460Ki
1560767180,emitter-0,6940Ki
1560767180,emitter-2,7028Ki
1560767180,emitter-1,9036Ki
1560767181,emitter-1,9036Ki
1560767181,emitter-3,8460Ki
1560767181,emitter-0,6940Ki
1560767181,emitter-4,7160Ki
1560767181,emitter-2,7028Ki
1560767182,emitter-0,6940Ki
1560767182,emitter-3,8460Ki
1560767182,emitter-1,9036Ki
1560767182,emitter-2,7028Ki
1560767182,emitter-4,7160Ki
1560767183,emitter-1,9036Ki
1560767183,emitter-2,7028Ki
1560767183,emitter-4,7160Ki
1560767183,emitter-3,8460Ki
1560767183,emitter-0,6940Ki
1560767184,emitter-2,7028Ki
1560767184,emitter-0,6940Ki
1560767184,emitter-3,8460Ki
1560767184,emitter-1,9036Ki
1560767184,emitter-4,7160Ki
1560767185,emitter-2,7028Ki
1560767185,emitter-0,6940Ki
1560767185,emitter-3,8460Ki
1560767185,emitter-1,9036Ki
1560767185,emitter-4,7160Ki
1560767186,emitter-2,7028Ki
1560767186,emitter-1,9036Ki
1560767186,emitter-0,6940Ki
1560767186,emitter-3,8460Ki
1560767186,emitter-4,7160Ki
1560767187,emitter-2,7028Ki
1560767187,emitter-0,6940Ki
1560767187,emitter-4,7160Ki
1560767187,emitter-3,8460Ki
1560767187,emitter-1,9036Ki
1560767188,emitter-4,7160Ki
1560767188,emitter-1,9036Ki
1560767188,emitter-0,6940Ki
1560767188,emitter-3,8460Ki
1560767188,emitter-2,7028Ki
1560767190,emitter-3,8460Ki
1560767190,emitter-1,9036Ki
1560767190,emitter-2,7028Ki
1560767190,emitter-0,6940Ki
1560767190,emitter-4,7160Ki
1560767191,emitter-2,7028Ki
1560767191,emitter-4,7160Ki
1560767191,emitter-0,6940Ki
1560767191,emitter-3,8460Ki
1560767191,emitter-1,9036Ki
1560767192,emitter-1,9040Ki
1560767192,emitter-0,6980Ki
1560767192,emitter-3,8468Ki
1560767192,emitter-4,7180Ki
1560767192,emitter-2,7052Ki
1560767193,emitter-4,7180Ki
1560767193,emitter-2,7052Ki
1560767193,emitter-0,6980Ki
1560767193,emitter-1,9040Ki
1560767193,emitter-3,8468Ki
1560767194,emitter-2,7052Ki
1560767194,emitter-0,6980Ki
1560767194,emitter-4,7180Ki
1560767194,emitter-3,8468Ki
1560767194,emitter-1,9040Ki
1560767195,emitter-3,8468Ki
1560767195,emitter-1,9040Ki
1560767195,emitter-2,7052Ki
1560767195,emitter-0,6980Ki
1560767195,emitter-4,7180Ki
1560767196,emitter-2,7052Ki
1560767196,emitter-3,8468Ki
1560767196,emitter-1,9040Ki
1560767196,emitter-0,6980Ki
1560767196,emitter-4,7180Ki
1560767197,emitter-0,6980Ki
1560767197,emitter-4,7180Ki
1560767197,emitter-1,9040Ki
1560767197,emitter-3,8468Ki
1560767197,emitter-2,7052Ki
1560767198,emitter-3,8468Ki
1560767198,emitter-0,6980Ki
1560767198,emitter-4,7180Ki
1560767198,emitter-1,9040Ki
1560767198,emitter-2,7052Ki
1560767199,emitter-1,9040Ki
1560767199,emitter-3,8468Ki
1560767199,emitter-0,6980Ki
1560767199,emitter-2,7052Ki
1560767199,emitter-4,7180Ki
1560767200,emitter-2,7052Ki
1560767200,emitter-1,9040Ki
1560767200,emitter-3,8468Ki
1560767200,emitter-0,6980Ki
1560767200,emitter-4,7180Ki
1560767201,emitter-0,6980Ki
1560767201,emitter-3,8468Ki
1560767201,emitter-2,7052Ki
1560767201,emitter-1,9040Ki
1560767201,emitter-4,7180Ki
1560767202,emitter-4,7180Ki
1560767202,emitter-3,8468Ki
1560767202,emitter-1,9040Ki
1560767202,emitter-2,7052Ki
1560767202,emitter-0,6980Ki
1560767203,emitter-2,7052Ki
1560767203,emitter-3,8468Ki
1560767203,emitter-0,6980Ki
1560767203,emitter-1,9040Ki
1560767203,emitter-4,7180Ki
1560767204,emitter-1,9040Ki
1560767204,emitter-2,7052Ki
1560767204,emitter-0,6980Ki
1560767204,emitter-4,7180Ki
1560767204,emitter-3,8468Ki
1560767205,emitter-2,7052Ki
1560767205,emitter-0,6980Ki
1560767205,emitter-4,7180Ki
1560767205,emitter-3,8468Ki
1560767205,emitter-1,9040Ki
1560767206,emitter-0,6980Ki
1560767206,emitter-3,8468Ki
1560767206,emitter-2,7052Ki
1560767206,emitter-1,9040Ki
1560767206,emitter-4,7180Ki
1560767207,emitter-4,7180Ki
1560767207,emitter-0,6980Ki
1560767207,emitter-3,8468Ki
1560767207,emitter-1,9040Ki
1560767207,emitter-2,7052Ki
1560767208,emitter-3,8468Ki
1560767208,emitter-1,9040Ki
1560767208,emitter-4,7180Ki
1560767208,emitter-0,6980Ki
1560767208,emitter-2,7052Ki
1560767209,emitter-4,7180Ki
1560767209,emitter-1,9040Ki
1560767209,emitter-2,7052Ki
1560767209,emitter-3,8468Ki
1560767209,emitter-0,6980Ki
1560767210,emitter-1,9040Ki
1560767210,emitter-2,7052Ki
1560767210,emitter-3,8468Ki
1560767210,emitter-0,6980Ki
1560767210,emitter-4,7180Ki
1560767211,emitter-0,6980Ki
1560767211,emitter-4,7180Ki
1560767211,emitter-3,8468Ki
1560767211,emitter-1,9040Ki
1560767211,emitter-2,7052Ki
1560767213,emitter-2,7052Ki
1560767213,emitter-0,6980Ki
1560767213,emitter-4,7180Ki
1560767213,emitter-3,8468Ki
1560767213,emitter-1,9040Ki
1560767214,emitter-2,7052Ki
1560767214,emitter-1,9040Ki
1560767214,emitter-0,6980Ki
1560767214,emitter-4,7180Ki
1560767214,emitter-3,8468Ki
1560767215,emitter-3,8468Ki
1560767215,emitter-2,7052Ki
1560767215,emitter-4,7180Ki
1560767215,emitter-0,6980Ki
1560767215,emitter-1,9040Ki
1560767216,emitter-1,9040Ki
1560767216,emitter-4,7180Ki
1560767216,emitter-2,7052Ki
1560767216,emitter-0,6980Ki
1560767216,emitter-3,8468Ki
1560767217,emitter-0,6980Ki
1560767217,emitter-4,7180Ki
1560767217,emitter-3,8468Ki
1560767217,emitter-1,9040Ki
1560767217,emitter-2,7052Ki
1560767218,emitter-0,6980Ki
1560767218,emitter-4,7180Ki
1560767218,emitter-3,8468Ki
1560767218,emitter-1,9040Ki
1560767218,emitter-2,7052Ki
1560767219,emitter-0,6980Ki
1560767219,emitter-2,7052Ki
1560767219,emitter-1,9040Ki
1560767219,emitter-4,7180Ki
1560767219,emitter-3,8468Ki
1560767220,emitter-1,9040Ki
1560767220,emitter-2,7052Ki
1560767220,emitter-0,6980Ki
1560767220,emitter-4,7180Ki
1560767220,emitter-3,8468Ki
1560767221,emitter-0,6980Ki
1560767221,emitter-4,7180Ki
1560767221,emitter-2,7052Ki
1560767221,emitter-1,9040Ki
1560767221,emitter-3,8468Ki
1560767222,emitter-4,7180Ki
1560767222,emitter-1,9040Ki
1560767222,emitter-0,6980Ki
1560767222,emitter-2,7052Ki
1560767222,emitter-3,8468Ki
1560767223,emitter-1,9040Ki
1560767223,emitter-0,6980Ki
1560767223,emitter-3,8468Ki
1560767223,emitter-2,7052Ki
1560767223,emitter-4,7180Ki
1560767224,emitter-3,8468Ki
1560767224,emitter-4,7180Ki
1560767224,emitter-1,9040Ki
1560767224,emitter-0,6980Ki
1560767224,emitter-2,7052Ki
1560767225,emitter-1,9040Ki
1560767225,emitter-0,6980Ki
1560767225,emitter-4,7180Ki
1560767225,emitter-3,8468Ki
1560767225,emitter-2,7052Ki
1560767226,emitter-2,7052Ki
1560767226,emitter-0,6980Ki
1560767226,emitter-4,7180Ki
1560767226,emitter-1,9040Ki
1560767226,emitter-3,8468Ki
1560767227,emitter-1,9040Ki
1560767227,emitter-2,7052Ki
1560767227,emitter-0,6980Ki
1560767227,emitter-4,7180Ki
1560767227,emitter-3,8468Ki
1560767228,emitter-4,7180Ki
1560767228,emitter-0,6980Ki
1560767228,emitter-3,8468Ki
1560767228,emitter-1,9040Ki
1560767228,emitter-2,7052Ki
1560767229,emitter-3,8468Ki
1560767229,emitter-1,9040Ki
1560767229,emitter-4,7180Ki
1560767229,emitter-2,7052Ki
1560767229,emitter-0,6980Ki
1560767230,emitter-3,8468Ki
1560767230,emitter-0,6980Ki
1560767230,emitter-4,7180Ki
1560767230,emitter-1,9040Ki
1560767230,emitter-2,7052Ki
1560767231,emitter-1,9040Ki
1560767231,emitter-2,7052Ki
1560767231,emitter-0,6980Ki
1560767231,emitter-4,7180Ki
1560767231,emitter-3,8468Ki
1560767232,emitter-0,6980Ki
1560767232,emitter-1,9040Ki
1560767232,emitter-3,8468Ki
1560767232,emitter-4,7180Ki
1560767232,emitter-2,7052Ki
1560767233,emitter-4,7180Ki
1560767233,emitter-2,7052Ki
1560767233,emitter-0,6980Ki
1560767233,emitter-3,8468Ki
1560767233,emitter-1,9040Ki
1560767234,emitter-4,7180Ki
1560767234,emitter-1,9040Ki
1560767234,emitter-3,8468Ki
1560767234,emitter-2,7052Ki
1560767234,emitter-0,6980Ki
1560767236,emitter-0,6980Ki
1560767236,emitter-2,7052Ki
1560767236,emitter-3,8468Ki
1560767236,emitter-4,7180Ki
1560767236,emitter-1,9040Ki
1560767237,emitter-3,8468Ki
1560767237,emitter-2,7052Ki
1560767237,emitter-0,6980Ki
1560767237,emitter-1,9040Ki
1560767237,emitter-4,7180Ki
1560767238,emitter-0,6980Ki
1560767238,emitter-4,7180Ki
1560767238,emitter-1,9040Ki
1560767238,emitter-2,7052Ki
1560767238,emitter-3,8468Ki
1560767239,emitter-1,9040Ki
1560767239,emitter-3,8468Ki
1560767239,emitter-0,6980Ki
1560767239,emitter-4,7180Ki
1560767239,emitter-2,7052Ki
1560767240,emitter-0,6980Ki
1560767240,emitter-3,8468Ki
1560767240,emitter-2,7052Ki
1560767240,emitter-4,7180Ki
1560767240,emitter-1,9040Ki
1560767241,emitter-1,9040Ki
1560767241,emitter-3,8468Ki
1560767241,emitter-0,6980Ki
1560767241,emitter-4,7180Ki
1560767241,emitter-2,7052Ki
1560767242,emitter-0,6980Ki
1560767242,emitter-3,8468Ki
1560767242,emitter-2,7052Ki
1560767242,emitter-4,7180Ki
1560767242,emitter-1,9040Ki
1560767243,emitter-0,6980Ki
1560767243,emitter-4,7180Ki
1560767243,emitter-3,8468Ki
1560767243,emitter-2,7052Ki
1560767243,emitter-1,9040Ki
1560767244,emitter-1,9040Ki
1560767244,emitter-0,6980Ki
1560767244,emitter-4,7180Ki
1560767244,emitter-3,8468Ki
1560767244,emitter-2,7052Ki
1560767245,emitter-3,8468Ki
1560767245,emitter-0,6980Ki
1560767245,emitter-2,7052Ki
1560767245,emitter-4,7180Ki
1560767245,emitter-1,9040Ki
1560767246,emitter-0,6980Ki
1560767246,emitter-3,8468Ki
1560767246,emitter-1,9040Ki
1560767246,emitter-4,7180Ki
1560767246,emitter-2,7052Ki
1560767247,emitter-2,7052Ki
1560767247,emitter-4,7180Ki
1560767247,emitter-1,9040Ki
1560767247,emitter-0,6980Ki
1560767247,emitter-3,8468Ki
1560767248,emitter-0,6980Ki
1560767248,emitter-2,7052Ki
1560767248,emitter-3,8468Ki
1560767248,emitter-4,7180Ki
1560767248,emitter-1,9040Ki
1560767249,emitter-0,6980Ki
1560767249,emitter-4,7180Ki
1560767249,emitter-3,8468Ki
1560767249,emitter-1,9040Ki
1560767249,emitter-2,7052Ki
1560767250,emitter-1,9040Ki
1560767250,emitter-0,6980Ki
1560767250,emitter-4,7180Ki
1560767250,emitter-3,8468Ki
1560767250,emitter-2,7052Ki
1560767251,emitter-1,9052Ki
1560767251,emitter-0,6996Ki
1560767251,emitter-2,7064Ki
1560767251,emitter-4,7196Ki
1560767251,emitter-3,9556Ki
1560767252,emitter-2,7064Ki
1560767252,emitter-3,9556Ki
1560767252,emitter-4,7196Ki
1560767252,emitter-1,9052Ki
1560767252,emitter-0,6996Ki
1560767253,emitter-4,7196Ki
1560767253,emitter-3,9556Ki
1560767253,emitter-1,9052Ki
1560767253,emitter-0,6996Ki
1560767253,emitter-2,7064Ki
1560767254,emitter-4,7196Ki
1560767254,emitter-3,9556Ki
1560767254,emitter-1,9052Ki
1560767254,emitter-0,6996Ki
1560767254,emitter-2,7064Ki
1560767255,emitter-4,7196Ki
1560767255,emitter-3,9556Ki
1560767255,emitter-2,7064Ki
1560767255,emitter-1,9052Ki
1560767255,emitter-0,6996Ki
1560767256,emitter-3,9556Ki
1560767256,emitter-0,6996Ki
1560767256,emitter-2,7064Ki
1560767256,emitter-4,7196Ki
1560767256,emitter-1,9052Ki
1560767257,emitter-4,7196Ki
1560767257,emitter-2,7064Ki
1560767257,emitter-3,9556Ki
1560767257,emitter-1,9052Ki
1560767257,emitter-0,6996Ki
1560767258,emitter-1,9052Ki
1560767258,emitter-4,7196Ki
1560767258,emitter-3,9556Ki
1560767258,emitter-0,6996Ki
1560767258,emitter-2,7064Ki
1560767260,emitter-1,9052Ki
1560767260,emitter-4,7196Ki
1560767260,emitter-3,9556Ki
1560767260,emitter-0,6996Ki
1560767260,emitter-2,7064Ki
1560767261,emitter-4,7196Ki
1560767261,emitter-3,9556Ki
1560767261,emitter-2,7064Ki
1560767261,emitter-0,6996Ki
1560767261,emitter-1,9052Ki
1560767262,emitter-3,9556Ki
1560767262,emitter-2,7064Ki
1560767262,emitter-0,6996Ki
1560767262,emitter-1,9052Ki
1560767262,emitter-4,7196Ki
1560767263,emitter-2,7064Ki
1560767263,emitter-4,7196Ki
1560767263,emitter-3,9556Ki
1560767263,emitter-1,9052Ki
1560767263,emitter-0,6996Ki
1560767264,emitter-0,6996Ki
1560767264,emitter-3,9556Ki
1560767264,emitter-2,7064Ki
1560767264,emitter-4,7196Ki
1560767264,emitter-1,9052Ki
1560767265,emitter-3,9556Ki
1560767265,emitter-4,7196Ki
1560767265,emitter-2,7064Ki
1560767265,emitter-1,9052Ki
1560767265,emitter-0,6996Ki
1560767266,emitter-1,9052Ki
1560767266,emitter-4,7196Ki
1560767266,emitter-3,9556Ki
1560767266,emitter-2,7064Ki
1560767266,emitter-0,6996Ki
1560767267,emitter-1,9052Ki
1560767267,emitter-0,6996Ki
1560767267,emitter-3,9556Ki
1560767267,emitter-4,7196Ki
1560767267,emitter-2,7064Ki
1560767268,emitter-1,9052Ki
1560767268,emitter-4,7196Ki
1560767268,emitter-3,9556Ki
1560767268,emitter-0,6996Ki
1560767268,emitter-2,7064Ki
1560767269,emitter-0,6996Ki
1560767269,emitter-3,9556Ki
1560767269,emitter-4,7196Ki
1560767269,emitter-1,9052Ki
1560767269,emitter-2,7064Ki
1560767270,emitter-3,9556Ki
1560767270,emitter-0,6996Ki
1560767270,emitter-2,7064Ki
1560767270,emitter-4,7196Ki
1560767270,emitter-1,9052Ki
1560767271,emitter-1,9052Ki
1560767271,emitter-0,6996Ki
1560767271,emitter-3,9556Ki
1560767271,emitter-2,7064Ki
1560767271,emitter-4,7196Ki
1560767272,emitter-2,7064Ki
1560767272,emitter-1,9052Ki
1560767272,emitter-0,6996Ki
1560767272,emitter-3,9556Ki
1560767272,emitter-4,7196Ki
1560767273,emitter-2,7064Ki
1560767273,emitter-1,9052Ki
1560767273,emitter-0,6996Ki
1560767273,emitter-4,7196Ki
1560767273,emitter-3,9556Ki
1560767274,emitter-1,9052Ki
1560767274,emitter-0,6996Ki
1560767274,emitter-4,7196Ki
1560767274,emitter-3,9556Ki
1560767274,emitter-2,7064Ki
1560767275,emitter-1,9052Ki
1560767275,emitter-4,7196Ki
1560767275,emitter-0,6996Ki
1560767275,emitter-3,9556Ki
1560767275,emitter-2,7064Ki
1560767276,emitter-0,6996Ki
1560767276,emitter-1,9052Ki
1560767276,emitter-4,7196Ki
1560767276,emitter-3,9556Ki
1560767276,emitter-2,7064Ki
1560767277,emitter-3,9556Ki
1560767277,emitter-1,9052Ki
1560767277,emitter-2,7064Ki
1560767277,emitter-0,6996Ki
1560767277,emitter-4,7196Ki
1560767278,emitter-2,7064Ki
1560767278,emitter-1,9052Ki
1560767278,emitter-0,6996Ki
1560767278,emitter-3,9556Ki
1560767278,emitter-4,7196Ki
1560767279,emitter-4,7196Ki
1560767279,emitter-3,9556Ki
1560767279,emitter-0,6996Ki
1560767279,emitter-1,9052Ki
1560767279,emitter-2,7064Ki
1560767281,emitter-3,9556Ki
1560767281,emitter-2,7064Ki
1560767281,emitter-1,9052Ki
1560767281,emitter-0,6996Ki
1560767281,emitter-4,7196Ki
1560767282,emitter-2,7064Ki
1560767282,emitter-3,9556Ki
1560767282,emitter-1,9052Ki
1560767282,emitter-0,6996Ki
1560767282,emitter-4,7196Ki
1560767283,emitter-2,7064Ki
1560767283,emitter-3,9556Ki
1560767283,emitter-0,6996Ki
1560767283,emitter-1,9052Ki
1560767283,emitter-4,7196Ki
1560767284,emitter-3,9556Ki
1560767284,emitter-4,7196Ki
1560767284,emitter-0,6996Ki
1560767284,emitter-1,9052Ki
1560767284,emitter-2,7064Ki
1560767285,emitter-0,6996Ki
1560767285,emitter-4,7196Ki
1560767285,emitter-1,9052Ki
1560767285,emitter-3,9556Ki
1560767285,emitter-2,7064Ki
1560767286,emitter-4,7196Ki
1560767286,emitter-0,6996Ki
1560767286,emitter-1,9052Ki
1560767286,emitter-3,9556Ki
1560767286,emitter-2,7064Ki
1560767287,emitter-1,9052Ki
1560767287,emitter-2,7064Ki
1560767287,emitter-0,6996Ki
1560767287,emitter-4,7196Ki
1560767287,emitter-3,9556Ki
1560767288,emitter-0,6996Ki
1560767288,emitter-4,7196Ki
1560767288,emitter-1,9052Ki
1560767288,emitter-2,7064Ki
1560767288,emitter-3,9556Ki
1560767289,emitter-2,7064Ki
1560767289,emitter-0,6996Ki
1560767289,emitter-1,9052Ki
1560767289,emitter-4,7196Ki
1560767289,emitter-3,9556Ki
1560767290,emitter-1,9052Ki
1560767290,emitter-0,6996Ki
1560767290,emitter-3,9556Ki
1560767290,emitter-2,7064Ki
1560767290,emitter-4,7196Ki
1560767291,emitter-2,7064Ki
1560767291,emitter-3,9556Ki
1560767291,emitter-0,6996Ki
1560767291,emitter-4,7196Ki
1560767291,emitter-1,9052Ki
1560767292,emitter-2,7064Ki
1560767292,emitter-4,7196Ki
1560767292,emitter-1,9052Ki
1560767292,emitter-0,6996Ki
1560767292,emitter-3,9556Ki
1560767293,emitter-4,7196Ki
1560767293,emitter-3,9556Ki
1560767293,emitter-0,6996Ki
1560767293,emitter-1,9052Ki
1560767293,emitter-2,7064Ki
1560767294,emitter-4,7196Ki
1560767294,emitter-3,9556Ki
1560767294,emitter-0,6996Ki
1560767294,emitter-2,7064Ki
1560767294,emitter-1,9052Ki
1560767295,emitter-2,7064Ki
1560767295,emitter-1,9052Ki
1560767295,emitter-4,7196Ki
1560767295,emitter-3,9556Ki
1560767295,emitter-0,6996Ki
1560767296,emitter-4,7196Ki
1560767296,emitter-1,9052Ki
1560767296,emitter-3,9556Ki
1560767296,emitter-2,7064Ki
1560767296,emitter-0,6996Ki
1560767297,emitter-0,6996Ki
1560767297,emitter-4,7196Ki
1560767297,emitter-1,9052Ki
1560767297,emitter-2,7064Ki
1560767297,emitter-3,9556Ki
1560767298,emitter-4,7196Ki
1560767298,emitter-3,9556Ki
1560767298,emitter-2,7064Ki
1560767298,emitter-0,6996Ki
1560767298,emitter-1,9052Ki
1560767299,emitter-1,9052Ki
1560767299,emitter-0,6996Ki
1560767299,emitter-2,7064Ki
1560767299,emitter-3,9556Ki
1560767299,emitter-4,7196Ki
1560767300,emitter-3,9556Ki
1560767300,emitter-1,9052Ki
1560767300,emitter-0,6996Ki
1560767300,emitter-2,7064Ki
1560767300,emitter-4,7196Ki
1560767301,emitter-3,9556Ki
1560767301,emitter-1,9052Ki
1560767301,emitter-2,7064Ki
1560767301,emitter-0,6996Ki
1560767301,emitter-4,7196Ki
1560767302,emitter-2,7064Ki
1560767302,emitter-1,9052Ki
1560767302,emitter-0,6996Ki
1560767302,emitter-3,9556Ki
1560767302,emitter-4,7196Ki
1560767303,emitter-1,9052Ki
1560767303,emitter-3,9556Ki
1560767303,emitter-0,6996Ki
1560767303,emitter-4,7196Ki
1560767303,emitter-2,7064Ki
1560767304,emitter-3,9556Ki
1560767304,emitter-2,7064Ki
1560767304,emitter-1,9052Ki
1560767304,emitter-0,6996Ki
1560767304,emitter-4,7196Ki
1560767306,emitter-1,9052Ki
1560767306,emitter-4,7196Ki
1560767306,emitter-0,6996Ki
1560767306,emitter-3,9556Ki
1560767306,emitter-2,7064Ki
1560767307,emitter-2,7064Ki
1560767307,emitter-0,6996Ki
1560767307,emitter-4,7196Ki
1560767307,emitter-3,9556Ki
1560767307,emitter-1,9052Ki
1560767308,emitter-0,6996Ki
1560767308,emitter-3,9556Ki
1560767308,emitter-4,7196Ki
1560767308,emitter-1,9052Ki
1560767308,emitter-2,7064Ki
1560767309,emitter-4,7196Ki
1560767309,emitter-2,7064Ki
1560767309,emitter-3,9556Ki
1560767309,emitter-1,9052Ki
1560767309,emitter-0,6996Ki
1560767310,emitter-3,9556Ki
1560767310,emitter-0,6996Ki
1560767310,emitter-1,9052Ki
1560767310,emitter-2,7064Ki
1560767310,emitter-4,7196Ki
1560767311,emitter-0,6996Ki
1560767311,emitter-3,9556Ki
1560767311,emitter-4,7196Ki
1560767311,emitter-1,9052Ki
1560767311,emitter-2,7064Ki
1560767312,emitter-3,9560Ki
1560767312,emitter-1,9064Ki
1560767312,emitter-0,7012Ki
1560767312,emitter-2,7084Ki
1560767312,emitter-4,7200Ki
1560767313,emitter-3,9560Ki
1560767313,emitter-0,7012Ki
1560767313,emitter-1,9064Ki
1560767313,emitter-4,7200Ki
1560767313,emitter-2,7084Ki
1560767314,emitter-2,7084Ki
1560767314,emitter-4,7200Ki
1560767314,emitter-3,9560Ki
1560767314,emitter-1,9064Ki
1560767314,emitter-0,7012Ki
1560767315,emitter-0,7012Ki
1560767315,emitter-1,9064Ki
1560767315,emitter-2,7084Ki
1560767315,emitter-4,7200Ki
1560767315,emitter-3,9560Ki
1560767316,emitter-2,7084Ki
1560767316,emitter-4,7200Ki
1560767316,emitter-0,7012Ki
1560767316,emitter-3,9560Ki
1560767316,emitter-1,9064Ki
1560767317,emitter-2,7084Ki
1560767317,emitter-4,7200Ki
1560767317,emitter-3,9560Ki
1560767317,emitter-1,9064Ki
1560767317,emitter-0,7012Ki
1560767318,emitter-3,9560Ki
1560767318,emitter-0,7012Ki
1560767318,emitter-1,9064Ki
1560767318,emitter-2,7084Ki
1560767318,emitter-4,7200Ki
1560767319,emitter-1,9064Ki
1560767319,emitter-0,7012Ki
1560767319,emitter-4,7200Ki
1560767319,emitter-3,9560Ki
1560767319,emitter-2,7084Ki
1560767320,emitter-1,9064Ki
1560767320,emitter-2,7084Ki
1560767320,emitter-0,7012Ki
1560767320,emitter-4,7200Ki
1560767320,emitter-3,9560Ki
1560767321,emitter-1,9064Ki
1560767321,emitter-4,7200Ki
1560767321,emitter-2,7084Ki
1560767321,emitter-0,7012Ki
1560767321,emitter-3,9560Ki
1560767322,emitter-0,7012Ki
1560767322,emitter-3,9560Ki
1560767322,emitter-1,9064Ki
1560767322,emitter-2,7084Ki
1560767322,emitter-4,7200Ki
1560767323,emitter-3,9560Ki
1560767323,emitter-2,7084Ki
1560767323,emitter-0,7012Ki
1560767323,emitter-4,7200Ki
1560767323,emitter-1,9064Ki
1560767324,emitter-0,7012Ki
1560767324,emitter-2,7084Ki
1560767324,emitter-3,9560Ki
1560767324,emitter-1,9064Ki
1560767324,emitter-4,7200Ki
1560767325,emitter-1,9064Ki
1560767325,emitter-2,7084Ki
1560767325,emitter-0,7012Ki
1560767325,emitter-4,7200Ki
1560767325,emitter-3,9560Ki
1560767326,emitter-1,9064Ki
1560767326,emitter-0,7012Ki
1560767326,emitter-3,9560Ki
1560767326,emitter-2,7084Ki
1560767326,emitter-4,7200Ki
1560767327,emitter-3,9560Ki
1560767327,emitter-2,7084Ki
1560767327,emitter-4,7200Ki
1560767327,emitter-1,9064Ki
1560767327,emitter-0,7012Ki
1560767328,emitter-0,7012Ki
1560767328,emitter-3,9560Ki
1560767328,emitter-4,7200Ki
1560767328,emitter-2,7084Ki
1560767328,emitter-1,9064Ki
1560767330,emitter-1,9064Ki
1560767330,emitter-0,7012Ki
1560767330,emitter-3,9560Ki
1560767330,emitter-2,7084Ki
1560767330,emitter-4,7200Ki
1560767331,emitter-2,7084Ki
1560767331,emitter-3,9560Ki
1560767331,emitter-1,9064Ki
1560767331,emitter-4,7200Ki
1560767331,emitter-0,7012Ki
1560767332,emitter-2,7084Ki
1560767332,emitter-4,7200Ki
1560767332,emitter-0,7012Ki
1560767332,emitter-3,9560Ki
1560767332,emitter-1,9064Ki
1560767333,emitter-1,9064Ki
1560767333,emitter-2,7084Ki
1560767333,emitter-4,7200Ki
1560767333,emitter-3,9560Ki
1560767333,emitter-0,7012Ki
1560767334,emitter-3,9560Ki
1560767334,emitter-2,7084Ki
1560767334,emitter-4,7200Ki
1560767334,emitter-1,9064Ki
1560767334,emitter-0,7012Ki
1560767335,emitter-0,7012Ki
1560767335,emitter-3,9560Ki
1560767335,emitter-4,7200Ki
1560767335,emitter-1,9064Ki
1560767335,emitter-2,7084Ki
1560767336,emitter-1,9064Ki
1560767336,emitter-2,7084Ki
1560767336,emitter-4,7200Ki
1560767336,emitter-3,9560Ki
1560767336,emitter-0,7012Ki
1560767337,emitter-4,7200Ki
1560767337,emitter-1,9064Ki
1560767337,emitter-3,9560Ki
1560767337,emitter-2,7084Ki
1560767337,emitter-0,7012Ki
