1560766644,crossbar-7f8cd85b47-wlr9m,109772Ki
1560766645,crossbar-7f8cd85b47-wlr9m,109772Ki
1560766646,crossbar-7f8cd85b47-wlr9m,109772Ki
1560766647,crossbar-7f8cd85b47-wlr9m,109772Ki
1560766648,crossbar-7f8cd85b47-wlr9m,109772Ki
1560766649,crossbar-7f8cd85b47-wlr9m,109772Ki
1560766650,crossbar-7f8cd85b47-wlr9m,109772Ki
1560766652,crossbar-7f8cd85b47-wlr9m,112176Ki
1560766653,crossbar-7f8cd85b47-wlr9m,112176Ki
1560766654,crossbar-7f8cd85b47-wlr9m,112176Ki
1560766655,crossbar-7f8cd85b47-wlr9m,112176Ki
1560766656,crossbar-7f8cd85b47-wlr9m,112176Ki
1560766657,crossbar-7f8cd85b47-wlr9m,112176Ki
1560766658,crossbar-7f8cd85b47-wlr9m,112176Ki
1560766659,crossbar-7f8cd85b47-wlr9m,112176Ki
1560766660,crossbar-7f8cd85b47-wlr9m,112176Ki
1560766661,crossbar-7f8cd85b47-wlr9m,112176Ki
1560766662,crossbar-7f8cd85b47-wlr9m,112176Ki
1560766663,crossbar-7f8cd85b47-wlr9m,112176Ki
1560766664,crossbar-7f8cd85b47-wlr9m,112176Ki
1560766665,crossbar-7f8cd85b47-wlr9m,112176Ki
1560766666,crossbar-7f8cd85b47-wlr9m,112176Ki
1560766667,crossbar-7f8cd85b47-wlr9m,112176Ki
1560766668,crossbar-7f8cd85b47-wlr9m,112176Ki
1560766669,crossbar-7f8cd85b47-wlr9m,112176Ki
1560766670,crossbar-7f8cd85b47-wlr9m,112176Ki
1560766671,crossbar-7f8cd85b47-wlr9m,112176Ki
1560766672,crossbar-7f8cd85b47-wlr9m,112176Ki
1560766673,crossbar-7f8cd85b47-wlr9m,112176Ki
1560766674,crossbar-7f8cd85b47-wlr9m,112176Ki
1560766675,crossbar-7f8cd85b47-wlr9m,112176Ki
1560766676,crossbar-7f8cd85b47-wlr9m,112176Ki
1560766678,crossbar-7f8cd85b47-wlr9m,112176Ki
1560766679,crossbar-7f8cd85b47-wlr9m,112176Ki
1560766680,crossbar-7f8cd85b47-wlr9m,112176Ki
1560766681,crossbar-7f8cd85b47-wlr9m,112176Ki
1560766682,crossbar-7f8cd85b47-wlr9m,112176Ki
1560766683,crossbar-7f8cd85b47-wlr9m,112176Ki
1560766684,crossbar-7f8cd85b47-wlr9m,112176Ki
1560766685,crossbar-7f8cd85b47-wlr9m,112176Ki
1560766686,crossbar-7f8cd85b47-wlr9m,112176Ki
1560766687,crossbar-7f8cd85b47-wlr9m,112176Ki
1560766688,crossbar-7f8cd85b47-wlr9m,112176Ki
1560766689,crossbar-7f8cd85b47-wlr9m,112176Ki
1560766690,crossbar-7f8cd85b47-wlr9m,112176Ki
1560766691,crossbar-7f8cd85b47-wlr9m,112176Ki
1560766692,crossbar-7f8cd85b47-wlr9m,112176Ki
1560766693,crossbar-7f8cd85b47-wlr9m,112176Ki
1560766694,crossbar-7f8cd85b47-wlr9m,112176Ki
1560766695,crossbar-7f8cd85b47-wlr9m,112176Ki
1560766696,crossbar-7f8cd85b47-wlr9m,112176Ki
1560766697,crossbar-7f8cd85b47-wlr9m,112176Ki
1560766698,crossbar-7f8cd85b47-wlr9m,112176Ki
1560766699,crossbar-7f8cd85b47-wlr9m,112176Ki
1560766700,crossbar-7f8cd85b47-wlr9m,112176Ki
1560766701,crossbar-7f8cd85b47-wlr9m,112176Ki
1560766702,crossbar-7f8cd85b47-wlr9m,112176Ki
1560766704,crossbar-7f8cd85b47-wlr9m,112176Ki
1560766705,crossbar-7f8cd85b47-wlr9m,112176Ki
1560766706,crossbar-7f8cd85b47-wlr9m,112176Ki
1560766707,crossbar-7f8cd85b47-wlr9m,112176Ki
1560766708,crossbar-7f8cd85b47-wlr9m,112176Ki
1560766709,crossbar-7f8cd85b47-wlr9m,112176Ki
1560766710,crossbar-7f8cd85b47-wlr9m,112176Ki
1560766711,crossbar-7f8cd85b47-wlr9m,112176Ki
1560766712,crossbar-7f8cd85b47-wlr9m,112176Ki
1560766713,crossbar-7f8cd85b47-wlr9m,112176Ki
1560766714,crossbar-7f8cd85b47-wlr9m,112176Ki
1560766715,crossbar-7f8cd85b47-wlr9m,112176Ki
1560766716,crossbar-7f8cd85b47-wlr9m,112176Ki
1560766717,crossbar-7f8cd85b47-wlr9m,112176Ki
1560766718,crossbar-7f8cd85b47-wlr9m,112176Ki
1560766719,crossbar-7f8cd85b47-wlr9m,112176Ki
1560766720,crossbar-7f8cd85b47-wlr9m,112176Ki
1560766721,crossbar-7f8cd85b47-wlr9m,112176Ki
1560766722,crossbar-7f8cd85b47-wlr9m,112176Ki
1560766723,crossbar-7f8cd85b47-wlr9m,112176Ki
1560766724,crossbar-7f8cd85b47-wlr9m,112176Ki
1560766725,crossbar-7f8cd85b47-wlr9m,112176Ki
1560766726,crossbar-7f8cd85b47-wlr9m,112176Ki
1560766727,crossbar-7f8cd85b47-wlr9m,112176Ki
1560766728,crossbar-7f8cd85b47-wlr9m,112176Ki
1560766729,crossbar-7f8cd85b47-wlr9m,112176Ki
1560766731,crossbar-7f8cd85b47-wlr9m,112176Ki
1560766732,crossbar-7f8cd85b47-wlr9m,112176Ki
1560766733,crossbar-7f8cd85b47-wlr9m,112176Ki
1560766734,crossbar-7f8cd85b47-wlr9m,112176Ki
1560766735,crossbar-7f8cd85b47-wlr9m,112176Ki
1560766736,crossbar-7f8cd85b47-wlr9m,112176Ki
1560766737,crossbar-7f8cd85b47-wlr9m,112176Ki
1560766738,crossbar-7f8cd85b47-wlr9m,112176Ki
1560766739,crossbar-7f8cd85b47-wlr9m,112176Ki
1560766740,crossbar-7f8cd85b47-wlr9m,112176Ki
1560766741,crossbar-7f8cd85b47-wlr9m,112176Ki
1560766742,crossbar-7f8cd85b47-wlr9m,112176Ki
1560766743,crossbar-7f8cd85b47-wlr9m,112176Ki
1560766744,crossbar-7f8cd85b47-wlr9m,112176Ki
1560766745,crossbar-7f8cd85b47-wlr9m,112176Ki
1560766746,crossbar-7f8cd85b47-wlr9m,112176Ki
1560766747,crossbar-7f8cd85b47-wlr9m,112176Ki
1560766748,crossbar-7f8cd85b47-wlr9m,112176Ki
1560766749,crossbar-7f8cd85b47-wlr9m,112176Ki
1560766750,crossbar-7f8cd85b47-wlr9m,112176Ki
1560766751,crossbar-7f8cd85b47-wlr9m,112176Ki
1560766752,crossbar-7f8cd85b47-wlr9m,112176Ki
1560766753,crossbar-7f8cd85b47-wlr9m,112176Ki
1560766754,crossbar-7f8cd85b47-wlr9m,112176Ki
1560766756,crossbar-7f8cd85b47-wlr9m,112176Ki
1560766757,crossbar-7f8cd85b47-wlr9m,112176Ki
1560766758,crossbar-7f8cd85b47-wlr9m,112176Ki
1560766759,crossbar-7f8cd85b47-wlr9m,112176Ki
1560766760,crossbar-7f8cd85b47-wlr9m,112176Ki
1560766761,crossbar-7f8cd85b47-wlr9m,112176Ki
1560766762,crossbar-7f8cd85b47-wlr9m,112176Ki
1560766763,crossbar-7f8cd85b47-wlr9m,112176Ki
1560766764,crossbar-7f8cd85b47-wlr9m,112176Ki
1560766765,crossbar-7f8cd85b47-wlr9m,112176Ki
1560766766,crossbar-7f8cd85b47-wlr9m,112176Ki
1560766767,crossbar-7f8cd85b47-wlr9m,112176Ki
1560766768,crossbar-7f8cd85b47-wlr9m,112176Ki
1560766769,crossbar-7f8cd85b47-wlr9m,112176Ki
1560766770,crossbar-7f8cd85b47-wlr9m,112176Ki
1560766771,crossbar-7f8cd85b47-wlr9m,112176Ki
1560766772,crossbar-7f8cd85b47-wlr9m,112176Ki
1560766773,crossbar-7f8cd85b47-wlr9m,112176Ki
1560766774,crossbar-7f8cd85b47-wlr9m,112176Ki
1560766775,crossbar-7f8cd85b47-wlr9m,112176Ki
1560766776,crossbar-7f8cd85b47-wlr9m,112176Ki
1560766777,crossbar-7f8cd85b47-wlr9m,112176Ki
1560766778,crossbar-7f8cd85b47-wlr9m,112176Ki
1560766779,crossbar-7f8cd85b47-wlr9m,112176Ki
1560766780,crossbar-7f8cd85b47-wlr9m,112176Ki
1560766782,crossbar-7f8cd85b47-wlr9m,112176Ki
1560766783,crossbar-7f8cd85b47-wlr9m,112176Ki
1560766784,crossbar-7f8cd85b47-wlr9m,112176Ki
1560766785,crossbar-7f8cd85b47-wlr9m,112176Ki
1560766786,crossbar-7f8cd85b47-wlr9m,112176Ki
1560766787,crossbar-7f8cd85b47-wlr9m,112176Ki
1560766788,crossbar-7f8cd85b47-wlr9m,112176Ki
1560766789,crossbar-7f8cd85b47-wlr9m,112176Ki
1560766790,crossbar-7f8cd85b47-wlr9m,112176Ki
1560766791,crossbar-7f8cd85b47-wlr9m,112176Ki
1560766792,crossbar-7f8cd85b47-wlr9m,112176Ki
1560766793,crossbar-7f8cd85b47-wlr9m,112176Ki
1560766794,crossbar-7f8cd85b47-wlr9m,112176Ki
1560766795,crossbar-7f8cd85b47-wlr9m,112176Ki
1560766796,crossbar-7f8cd85b47-wlr9m,112176Ki
1560766797,crossbar-7f8cd85b47-wlr9m,112176Ki
1560766798,crossbar-7f8cd85b47-wlr9m,112176Ki
1560766799,crossbar-7f8cd85b47-wlr9m,112176Ki
1560766800,crossbar-7f8cd85b47-wlr9m,112176Ki
1560766801,crossbar-7f8cd85b47-wlr9m,112176Ki
1560766802,crossbar-7f8cd85b47-wlr9m,112176Ki
1560766803,crossbar-7f8cd85b47-wlr9m,112176Ki
1560766804,crossbar-7f8cd85b47-wlr9m,112176Ki
1560766805,crossbar-7f8cd85b47-wlr9m,112176Ki
1560766807,crossbar-7f8cd85b47-wlr9m,112176Ki
1560766808,crossbar-7f8cd85b47-wlr9m,112176Ki
1560766809,crossbar-7f8cd85b47-wlr9m,112176Ki
1560766810,crossbar-7f8cd85b47-wlr9m,112176Ki
1560766811,crossbar-7f8cd85b47-wlr9m,112176Ki
1560766812,crossbar-7f8cd85b47-wlr9m,112176Ki
1560766813,crossbar-7f8cd85b47-wlr9m,112176Ki
1560766814,crossbar-7f8cd85b47-wlr9m,112176Ki
1560766815,crossbar-7f8cd85b47-wlr9m,112176Ki
1560766816,crossbar-7f8cd85b47-wlr9m,112176Ki
1560766817,crossbar-7f8cd85b47-wlr9m,112176Ki
1560766818,crossbar-7f8cd85b47-wlr9m,112176Ki
1560766819,crossbar-7f8cd85b47-wlr9m,112176Ki
1560766820,crossbar-7f8cd85b47-wlr9m,112176Ki
1560766821,crossbar-7f8cd85b47-wlr9m,112176Ki
1560766822,crossbar-7f8cd85b47-wlr9m,112176Ki
1560766823,crossbar-7f8cd85b47-wlr9m,112176Ki
1560766824,crossbar-7f8cd85b47-wlr9m,112176Ki
1560766825,crossbar-7f8cd85b47-wlr9m,112176Ki
1560766826,crossbar-7f8cd85b47-wlr9m,112176Ki
1560766827,crossbar-7f8cd85b47-wlr9m,112176Ki
1560766828,crossbar-7f8cd85b47-wlr9m,112176Ki
1560766829,crossbar-7f8cd85b47-wlr9m,112176Ki
1560766830,crossbar-7f8cd85b47-wlr9m,112176Ki
1560766832,crossbar-7f8cd85b47-wlr9m,112176Ki
1560766833,crossbar-7f8cd85b47-wlr9m,112176Ki
1560766834,crossbar-7f8cd85b47-wlr9m,112176Ki
1560766835,crossbar-7f8cd85b47-wlr9m,112176Ki
1560766836,crossbar-7f8cd85b47-wlr9m,112176Ki
1560766837,crossbar-7f8cd85b47-wlr9m,112176Ki
1560766838,crossbar-7f8cd85b47-wlr9m,112176Ki
1560766839,crossbar-7f8cd85b47-wlr9m,112176Ki
1560766840,crossbar-7f8cd85b47-wlr9m,112176Ki
1560766841,crossbar-7f8cd85b47-wlr9m,112176Ki
1560766842,crossbar-7f8cd85b47-wlr9m,112176Ki
1560766843,crossbar-7f8cd85b47-wlr9m,112176Ki
1560766844,crossbar-7f8cd85b47-wlr9m,112176Ki
1560766845,crossbar-7f8cd85b47-wlr9m,112176Ki
1560766846,crossbar-7f8cd85b47-wlr9m,112176Ki
1560766847,crossbar-7f8cd85b47-wlr9m,112176Ki
1560766848,crossbar-7f8cd85b47-wlr9m,112176Ki
1560766849,crossbar-7f8cd85b47-wlr9m,112176Ki
1560766850,crossbar-7f8cd85b47-wlr9m,112176Ki
1560766851,crossbar-7f8cd85b47-wlr9m,112176Ki
1560766852,crossbar-7f8cd85b47-wlr9m,112176Ki
1560766853,crossbar-7f8cd85b47-wlr9m,112176Ki
1560766854,crossbar-7f8cd85b47-wlr9m,112176Ki
1560766855,crossbar-7f8cd85b47-wlr9m,112176Ki
1560766856,crossbar-7f8cd85b47-wlr9m,112176Ki
1560766857,crossbar-7f8cd85b47-wlr9m,112176Ki
1560766859,crossbar-7f8cd85b47-wlr9m,112176Ki
1560766860,crossbar-7f8cd85b47-wlr9m,112176Ki
1560766861,crossbar-7f8cd85b47-wlr9m,112176Ki
1560766862,crossbar-7f8cd85b47-wlr9m,112176Ki
1560766863,crossbar-7f8cd85b47-wlr9m,112176Ki
1560766864,crossbar-7f8cd85b47-wlr9m,112176Ki
1560766865,crossbar-7f8cd85b47-wlr9m,112176Ki
1560766866,crossbar-7f8cd85b47-wlr9m,112176Ki
1560766867,crossbar-7f8cd85b47-wlr9m,112176Ki
1560766868,crossbar-7f8cd85b47-wlr9m,112176Ki
1560766869,crossbar-7f8cd85b47-wlr9m,112176Ki
1560766870,crossbar-7f8cd85b47-wlr9m,112176Ki
1560766871,crossbar-7f8cd85b47-wlr9m,112176Ki
1560766872,crossbar-7f8cd85b47-wlr9m,112176Ki
1560766873,crossbar-7f8cd85b47-wlr9m,112176Ki
1560766874,crossbar-7f8cd85b47-wlr9m,112176Ki
1560766875,crossbar-7f8cd85b47-wlr9m,112176Ki
1560766876,crossbar-7f8cd85b47-wlr9m,112176Ki
1560766877,crossbar-7f8cd85b47-wlr9m,112176Ki
1560766878,crossbar-7f8cd85b47-wlr9m,112176Ki
1560766879,crossbar-7f8cd85b47-wlr9m,112176Ki
1560766880,crossbar-7f8cd85b47-wlr9m,112176Ki
1560766881,crossbar-7f8cd85b47-wlr9m,112176Ki
1560766882,crossbar-7f8cd85b47-wlr9m,112176Ki
1560766883,crossbar-7f8cd85b47-wlr9m,112176Ki
1560766885,crossbar-7f8cd85b47-wlr9m,112176Ki
1560766886,crossbar-7f8cd85b47-wlr9m,112176Ki
1560766887,crossbar-7f8cd85b47-wlr9m,112176Ki
1560766888,crossbar-7f8cd85b47-wlr9m,112176Ki
1560766889,crossbar-7f8cd85b47-wlr9m,112176Ki
1560766890,crossbar-7f8cd85b47-wlr9m,112176Ki
1560766891,crossbar-7f8cd85b47-wlr9m,112176Ki
1560766892,crossbar-7f8cd85b47-wlr9m,112176Ki
1560766893,crossbar-7f8cd85b47-wlr9m,112176Ki
1560766894,crossbar-7f8cd85b47-wlr9m,112176Ki
1560766895,crossbar-7f8cd85b47-wlr9m,112176Ki
1560766896,crossbar-7f8cd85b47-wlr9m,112176Ki
1560766897,crossbar-7f8cd85b47-wlr9m,112176Ki
1560766898,crossbar-7f8cd85b47-wlr9m,112176Ki
1560766899,crossbar-7f8cd85b47-wlr9m,112176Ki
1560766900,crossbar-7f8cd85b47-wlr9m,112176Ki
1560766901,crossbar-7f8cd85b47-wlr9m,112176Ki
1560766902,crossbar-7f8cd85b47-wlr9m,112176Ki
1560766903,crossbar-7f8cd85b47-wlr9m,112176Ki
1560766904,crossbar-7f8cd85b47-wlr9m,112176Ki
1560766905,crossbar-7f8cd85b47-wlr9m,112176Ki
1560766906,crossbar-7f8cd85b47-wlr9m,112176Ki
1560766907,crossbar-7f8cd85b47-wlr9m,112176Ki
1560766909,crossbar-7f8cd85b47-wlr9m,112176Ki
1560766910,crossbar-7f8cd85b47-wlr9m,112176Ki
1560766911,crossbar-7f8cd85b47-wlr9m,112176Ki
1560766912,crossbar-7f8cd85b47-wlr9m,112176Ki
1560766913,crossbar-7f8cd85b47-wlr9m,112176Ki
1560766914,crossbar-7f8cd85b47-wlr9m,112176Ki
1560766915,crossbar-7f8cd85b47-wlr9m,112176Ki
1560766916,crossbar-7f8cd85b47-wlr9m,112176Ki
1560766917,crossbar-7f8cd85b47-wlr9m,112176Ki
1560766918,crossbar-7f8cd85b47-wlr9m,112176Ki
1560766919,crossbar-7f8cd85b47-wlr9m,112176Ki
1560766920,crossbar-7f8cd85b47-wlr9m,112176Ki
1560766921,crossbar-7f8cd85b47-wlr9m,112176Ki
1560766922,crossbar-7f8cd85b47-wlr9m,112176Ki
1560766923,crossbar-7f8cd85b47-wlr9m,112176Ki
1560766924,crossbar-7f8cd85b47-wlr9m,112176Ki
1560766925,crossbar-7f8cd85b47-wlr9m,112176Ki
1560766926,crossbar-7f8cd85b47-wlr9m,112176Ki
1560766927,crossbar-7f8cd85b47-wlr9m,112176Ki
1560766928,crossbar-7f8cd85b47-wlr9m,112176Ki
1560766929,crossbar-7f8cd85b47-wlr9m,112176Ki
1560766930,crossbar-7f8cd85b47-wlr9m,112176Ki
1560766931,crossbar-7f8cd85b47-wlr9m,112176Ki
1560766932,crossbar-7f8cd85b47-wlr9m,112176Ki
1560766933,crossbar-7f8cd85b47-wlr9m,112176Ki
1560766935,crossbar-7f8cd85b47-wlr9m,112176Ki
1560766936,crossbar-7f8cd85b47-wlr9m,112176Ki
1560766937,crossbar-7f8cd85b47-wlr9m,112176Ki
1560766938,crossbar-7f8cd85b47-wlr9m,112176Ki
1560766939,crossbar-7f8cd85b47-wlr9m,112176Ki
1560766940,crossbar-7f8cd85b47-wlr9m,112176Ki
1560766941,crossbar-7f8cd85b47-wlr9m,112176Ki
1560766942,crossbar-7f8cd85b47-wlr9m,112176Ki
1560766943,crossbar-7f8cd85b47-wlr9m,112176Ki
1560766944,crossbar-7f8cd85b47-wlr9m,112176Ki
