scenario-high-load-66558d67cc-qzlh2,1563997729825,194176
scenario-high-load-66558d67cc-qzlh2,1563997730844,209382
scenario-high-load-66558d67cc-qzlh2,1563997731855,182246
scenario-high-load-66558d67cc-qzlh2,1563997732856,222283
scenario-high-load-66558d67cc-qzlh2,1563997733857,210041
scenario-high-load-66558d67cc-qzlh2,1563997734858,210221
scenario-high-load-66558d67cc-qzlh2,1563997735859,199926
scenario-high-load-66558d67cc-qzlh2,1563997736860,270104
scenario-high-load-66558d67cc-qzlh2,1563997737861,308618
scenario-high-load-66558d67cc-qzlh2,1563997738867,284077
scenario-high-load-66558d67cc-qzlh2,1563997739868,256079
scenario-high-load-66558d67cc-qzlh2,1563997740869,275816
scenario-high-load-66558d67cc-qzlh2,1563997741870,267344
scenario-high-load-66558d67cc-qzlh2,1563997742871,289471
scenario-high-load-66558d67cc-qzlh2,1563997743872,255312
scenario-high-load-66558d67cc-qzlh2,1563997744873,274191
scenario-high-load-66558d67cc-qzlh2,1563997745874,285636
scenario-high-load-66558d67cc-qzlh2,1563997746875,299512
scenario-high-load-66558d67cc-qzlh2,1563997747876,280711
scenario-high-load-66558d67cc-qzlh2,1563997748877,354715
scenario-high-load-66558d67cc-qzlh2,1563997749878,394031
scenario-high-load-66558d67cc-qzlh2,1563997750879,341654
scenario-high-load-66558d67cc-qzlh2,1563997751880,276073
scenario-high-load-66558d67cc-qzlh2,1563997752881,258405
scenario-high-load-66558d67cc-qzlh2,1563997753882,253360
scenario-high-load-66558d67cc-qzlh2,1563997754883,279790
scenario-high-load-66558d67cc-qzlh2,1563997755884,262308
scenario-high-load-66558d67cc-qzlh2,1563997756885,263918
scenario-high-load-66558d67cc-qzlh2,1563997757886,209888
scenario-high-load-66558d67cc-qzlh2,1563997758887,267496
scenario-high-load-66558d67cc-qzlh2,1563997759888,279113
scenario-high-load-66558d67cc-qzlh2,1563997760889,300612
scenario-high-load-66558d67cc-qzlh2,1563997761890,319810
scenario-high-load-66558d67cc-qzlh2,1563997762891,285518
scenario-high-load-66558d67cc-qzlh2,1563997763892,274487
scenario-high-load-66558d67cc-qzlh2,1563997764893,358452
scenario-high-load-66558d67cc-qzlh2,1563997765894,386218
scenario-high-load-66558d67cc-qzlh2,1563997766895,377265
scenario-high-load-66558d67cc-qzlh2,1563997767896,378974
scenario-high-load-66558d67cc-qzlh2,1563997768897,395936
scenario-high-load-66558d67cc-qzlh2,1563997769898,371979
scenario-high-load-66558d67cc-qzlh2,1563997770899,401130
scenario-high-load-66558d67cc-qzlh2,1563997771900,389043
scenario-high-load-66558d67cc-qzlh2,1563997772901,388479
scenario-high-load-66558d67cc-qzlh2,1563997773902,330379
scenario-high-load-66558d67cc-qzlh2,1563997774903,281442
scenario-high-load-66558d67cc-qzlh2,1563997775904,260943
scenario-high-load-66558d67cc-qzlh2,1563997776905,282023
scenario-high-load-66558d67cc-qzlh2,1563997777906,268551
scenario-high-load-66558d67cc-qzlh2,1563997778907,277895
scenario-high-load-66558d67cc-qzlh2,1563997779908,256224
scenario-high-load-66558d67cc-qzlh2,1563997780909,290676
scenario-high-load-66558d67cc-qzlh2,1563997781910,384401
scenario-high-load-66558d67cc-qzlh2,1563997782911,387268
scenario-high-load-66558d67cc-qzlh2,1563997783912,377216
scenario-high-load-66558d67cc-qzlh2,1563997784913,311493
scenario-high-load-66558d67cc-qzlh2,1563997785914,247524
scenario-high-load-66558d67cc-qzlh2,1563997786915,272461
scenario-high-load-66558d67cc-qzlh2,1563997787916,301640
scenario-high-load-66558d67cc-qzlh2,1563997788917,253479
scenario-high-load-66558d67cc-qzlh2,1563997789918,280248
scenario-high-load-66558d67cc-qzlh2,1563997790919,302218
scenario-high-load-66558d67cc-qzlh2,1563997791920,386735
scenario-high-load-66558d67cc-qzlh2,1563997792921,392273
scenario-high-load-66558d67cc-qzlh2,1563997793922,371303
scenario-high-load-66558d67cc-qzlh2,1563997794923,374285
scenario-high-load-66558d67cc-qzlh2,1563997795924,301494
scenario-high-load-66558d67cc-qzlh2,1563997796925,293817
scenario-high-load-66558d67cc-qzlh2,1563997797926,364372
scenario-high-load-66558d67cc-qzlh2,1563997798927,384850
scenario-high-load-66558d67cc-qzlh2,1563997799928,401845
scenario-high-load-66558d67cc-qzlh2,1563997800929,381132
scenario-high-load-66558d67cc-qzlh2,1563997801930,397753
scenario-high-load-66558d67cc-qzlh2,1563997802931,399125
scenario-high-load-66558d67cc-qzlh2,1563997803932,387596
scenario-high-load-66558d67cc-qzlh2,1563997804933,392302
scenario-high-load-66558d67cc-qzlh2,1563997805934,398167
scenario-high-load-66558d67cc-qzlh2,1563997806935,295895
scenario-high-load-66558d67cc-qzlh2,1563997807936,274981
scenario-high-load-66558d67cc-qzlh2,1563997808937,292045
scenario-high-load-66558d67cc-qzlh2,1563997809938,273068
scenario-high-load-66558d67cc-qzlh2,1563997810939,277204
scenario-high-load-66558d67cc-qzlh2,1563997811940,291933
scenario-high-load-66558d67cc-qzlh2,1563997812941,331171
scenario-high-load-66558d67cc-qzlh2,1563997813942,256325
scenario-high-load-66558d67cc-qzlh2,1563997814943,276969
scenario-high-load-66558d67cc-qzlh2,1563997815944,331991
scenario-high-load-66558d67cc-qzlh2,1563997816945,342979
scenario-high-load-66558d67cc-qzlh2,1563997817946,258405
scenario-high-load-66558d67cc-qzlh2,1563997818947,289313
scenario-high-load-66558d67cc-qzlh2,1563997819948,276492
scenario-high-load-66558d67cc-qzlh2,1563997820949,298991
scenario-high-load-66558d67cc-qzlh2,1563997821950,280517
scenario-high-load-66558d67cc-qzlh2,1563997822951,282853
scenario-high-load-66558d67cc-qzlh2,1563997823952,284443
scenario-high-load-66558d67cc-qzlh2,1563997824953,306361
scenario-high-load-66558d67cc-qzlh2,1563997825954,343319
scenario-high-load-66558d67cc-qzlh2,1563997826955,284033
scenario-high-load-66558d67cc-qzlh2,1563997827956,294787
scenario-high-load-66558d67cc-qzlh2,1563997828961,308083
scenario-high-load-66558d67cc-qzlh2,1563997829962,320021
scenario-high-load-66558d67cc-qzlh2,1563997830963,271612
scenario-high-load-66558d67cc-qzlh2,1563997831964,277051
scenario-high-load-66558d67cc-qzlh2,1563997832965,293138
scenario-high-load-66558d67cc-qzlh2,1563997833966,275758
scenario-high-load-66558d67cc-qzlh2,1563997834967,287696
scenario-high-load-66558d67cc-qzlh2,1563997835968,275201
scenario-high-load-66558d67cc-qzlh2,1563997836969,269139
scenario-high-load-66558d67cc-qzlh2,1563997837970,283764
scenario-high-load-66558d67cc-qzlh2,1563997838971,294471
scenario-high-load-66558d67cc-qzlh2,1563997839972,398030
scenario-high-load-66558d67cc-qzlh2,1563997840973,393873
scenario-high-load-66558d67cc-qzlh2,1563997841974,398960
scenario-high-load-66558d67cc-qzlh2,1563997842975,400767
scenario-high-load-66558d67cc-qzlh2,1563997843976,362842
scenario-high-load-66558d67cc-qzlh2,1563997844977,397836
scenario-high-load-66558d67cc-qzlh2,1563997845978,393654
scenario-high-load-66558d67cc-qzlh2,1563997846979,307507
scenario-high-load-66558d67cc-qzlh2,1563997847980,267799
scenario-high-load-66558d67cc-qzlh2,1563997848981,290428
scenario-high-load-66558d67cc-qzlh2,1563997849982,283493
scenario-high-load-66558d67cc-qzlh2,1563997850983,290410
scenario-high-load-66558d67cc-qzlh2,1563997851984,273144
scenario-high-load-66558d67cc-qzlh2,1563997852985,300205
scenario-high-load-66558d67cc-qzlh2,1563997853986,306108
scenario-high-load-66558d67cc-qzlh2,1563997854987,395210
scenario-high-load-66558d67cc-qzlh2,1563997855988,389482
scenario-high-load-66558d67cc-qzlh2,1563997856989,394328
scenario-high-load-66558d67cc-qzlh2,1563997857990,296130
scenario-high-load-66558d67cc-qzlh2,1563997858991,288452
scenario-high-load-66558d67cc-qzlh2,1563997859992,253372
scenario-high-load-66558d67cc-qzlh2,1563997860993,285689
scenario-high-load-66558d67cc-qzlh2,1563997861994,285686
scenario-high-load-66558d67cc-qzlh2,1563997862995,280358
scenario-high-load-66558d67cc-qzlh2,1563997863996,285500
scenario-high-load-66558d67cc-qzlh2,1563997864997,279232
scenario-high-load-66558d67cc-qzlh2,1563997865998,255233
scenario-high-load-66558d67cc-qzlh2,1563997866999,275100
scenario-high-load-66558d67cc-qzlh2,1563997868000,275779
scenario-high-load-66558d67cc-qzlh2,1563997869001,277607
scenario-high-load-66558d67cc-qzlh2,1563997870002,252759
scenario-high-load-66558d67cc-qzlh2,1563997871003,286708
scenario-high-load-66558d67cc-qzlh2,1563997872004,279853
scenario-high-load-66558d67cc-qzlh2,1563997873005,323277
scenario-high-load-66558d67cc-qzlh2,1563997874006,282423
scenario-high-load-66558d67cc-qzlh2,1563997875007,243672
scenario-high-load-66558d67cc-qzlh2,1563997876008,268314
scenario-high-load-66558d67cc-qzlh2,1563997877009,284333
scenario-high-load-66558d67cc-qzlh2,1563997878010,261861
scenario-high-load-66558d67cc-qzlh2,1563997879011,274666
scenario-high-load-66558d67cc-qzlh2,1563997880012,281805
scenario-high-load-66558d67cc-qzlh2,1563997881013,308684
scenario-high-load-66558d67cc-qzlh2,1563997882014,320588
scenario-high-load-66558d67cc-qzlh2,1563997883015,290783
scenario-high-load-66558d67cc-qzlh2,1563997884016,383265
scenario-high-load-66558d67cc-qzlh2,1563997885017,320949
scenario-high-load-66558d67cc-qzlh2,1563997886018,273723
scenario-high-load-66558d67cc-qzlh2,1563997887019,314202
scenario-high-load-66558d67cc-qzlh2,1563997888020,380202
scenario-high-load-66558d67cc-qzlh2,1563997889021,384437
scenario-high-load-66558d67cc-qzlh2,1563997890022,378892
scenario-high-load-66558d67cc-qzlh2,1563997891023,403021
scenario-high-load-66558d67cc-qzlh2,1563997892024,390018
scenario-high-load-66558d67cc-qzlh2,1563997893025,386797
scenario-high-load-66558d67cc-qzlh2,1563997894026,349740
scenario-high-load-66558d67cc-qzlh2,1563997895027,286699
scenario-high-load-66558d67cc-qzlh2,1563997896028,282139
scenario-high-load-66558d67cc-qzlh2,1563997897029,339836
scenario-high-load-66558d67cc-qzlh2,1563997898030,362257
scenario-high-load-66558d67cc-qzlh2,1563997899031,271095
scenario-high-load-66558d67cc-qzlh2,1563997900032,333767
scenario-high-load-66558d67cc-qzlh2,1563997901033,333807
scenario-high-load-66558d67cc-qzlh2,1563997902034,272988
scenario-high-load-66558d67cc-qzlh2,1563997903035,292878
scenario-high-load-66558d67cc-qzlh2,1563997904036,281205
scenario-high-load-66558d67cc-qzlh2,1563997905037,314848
scenario-high-load-66558d67cc-qzlh2,1563997906038,290854
scenario-high-load-66558d67cc-qzlh2,1563997907039,309370
scenario-high-load-66558d67cc-qzlh2,1563997908040,398422
scenario-high-load-66558d67cc-qzlh2,1563997909041,387842
scenario-high-load-66558d67cc-qzlh2,1563997910042,398747
scenario-high-load-66558d67cc-qzlh2,1563997911043,380436
scenario-high-load-66558d67cc-qzlh2,1563997912044,400343
scenario-high-load-66558d67cc-qzlh2,1563997913045,394518
scenario-high-load-66558d67cc-qzlh2,1563997914046,383878
scenario-high-load-66558d67cc-qzlh2,1563997915047,321082
scenario-high-load-66558d67cc-qzlh2,1563997916048,293914
scenario-high-load-66558d67cc-qzlh2,1563997917049,285083
scenario-high-load-66558d67cc-qzlh2,1563997918050,338495
scenario-high-load-66558d67cc-qzlh2,1563997919051,378766
scenario-high-load-66558d67cc-qzlh2,1563997920052,288790
scenario-high-load-66558d67cc-qzlh2,1563997921053,294368
scenario-high-load-66558d67cc-qzlh2,1563997922054,283056
scenario-high-load-66558d67cc-qzlh2,1563997923055,293950
scenario-high-load-66558d67cc-qzlh2,1563997924056,259008
scenario-high-load-66558d67cc-qzlh2,1563997925057,384328
scenario-high-load-66558d67cc-qzlh2,1563997926058,279821
scenario-high-load-66558d67cc-qzlh2,1563997927059,302028
scenario-high-load-66558d67cc-qzlh2,1563997928060,348924
scenario-high-load-66558d67cc-qzlh2,1563997929061,391822
scenario-high-load-66558d67cc-qzlh2,1563997930062,303080
scenario-high-load-66558d67cc-qzlh2,1563997931063,304495
scenario-high-load-66558d67cc-qzlh2,1563997932064,288021
scenario-high-load-66558d67cc-qzlh2,1563997933065,266041
scenario-high-load-66558d67cc-qzlh2,1563997934066,266893
scenario-high-load-66558d67cc-qzlh2,1563997935067,292725
scenario-high-load-66558d67cc-qzlh2,1563997936068,275270
scenario-high-load-66558d67cc-qzlh2,1563997937069,269661
scenario-high-load-66558d67cc-qzlh2,1563997938070,243104
scenario-high-load-66558d67cc-qzlh2,1563997939071,296198
scenario-high-load-66558d67cc-qzlh2,1563997940072,310348
scenario-high-load-66558d67cc-qzlh2,1563997941073,292149
scenario-high-load-66558d67cc-qzlh2,1563997942074,284433
scenario-high-load-66558d67cc-qzlh2,1563997943075,294848
scenario-high-load-66558d67cc-qzlh2,1563997944076,284924
scenario-high-load-66558d67cc-qzlh2,1563997945077,290173
scenario-high-load-66558d67cc-qzlh2,1563997946078,268511
scenario-high-load-66558d67cc-qzlh2,1563997947079,289410
scenario-high-load-66558d67cc-qzlh2,1563997948080,399208
scenario-high-load-66558d67cc-qzlh2,1563997949081,402990
scenario-high-load-66558d67cc-qzlh2,1563997950082,402301
scenario-high-load-66558d67cc-qzlh2,1563997951083,336033
scenario-high-load-66558d67cc-qzlh2,1563997952084,326051
scenario-high-load-66558d67cc-qzlh2,1563997953085,391700
scenario-high-load-66558d67cc-qzlh2,1563997954086,312711
scenario-high-load-66558d67cc-qzlh2,1563997955087,337247
scenario-high-load-66558d67cc-qzlh2,1563997956088,279250
scenario-high-load-66558d67cc-qzlh2,1563997957089,296521
scenario-high-load-66558d67cc-qzlh2,1563997958090,284216
scenario-high-load-66558d67cc-qzlh2,1563997959091,287485
scenario-high-load-66558d67cc-qzlh2,1563997960092,267538
scenario-high-load-66558d67cc-qzlh2,1563997961093,287192
scenario-high-load-66558d67cc-qzlh2,1563997962094,238654
scenario-high-load-66558d67cc-qzlh2,1563997963095,293499
scenario-high-load-66558d67cc-qzlh2,1563997964096,276583
scenario-high-load-66558d67cc-qzlh2,1563997965097,321672
scenario-high-load-66558d67cc-qzlh2,1563997966098,280123
scenario-high-load-66558d67cc-qzlh2,1563997967099,296182
scenario-high-load-66558d67cc-qzlh2,1563997968100,247360
scenario-high-load-66558d67cc-qzlh2,1563997969101,291904
