scenario-high-load-66558d67cc-4c5hs,1564152633976,267032
scenario-high-load-66558d67cc-4c5hs,1564152634977,307932
scenario-high-load-66558d67cc-4c5hs,1564152635978,308624
scenario-high-load-66558d67cc-4c5hs,1564152636979,339884
scenario-high-load-66558d67cc-4c5hs,1564152637980,287440
scenario-high-load-66558d67cc-4c5hs,1564152638981,316784
scenario-high-load-66558d67cc-4c5hs,1564152639982,252195
scenario-high-load-66558d67cc-4c5hs,1564152640983,304876
scenario-high-load-66558d67cc-4c5hs,1564152641984,301515
scenario-high-load-66558d67cc-4c5hs,1564152642985,321745
scenario-high-load-66558d67cc-4c5hs,1564152643986,335135
scenario-high-load-66558d67cc-4c5hs,1564152644987,347169
scenario-high-load-66558d67cc-4c5hs,1564152645988,356850
scenario-high-load-66558d67cc-4c5hs,1564152646989,320535
scenario-high-load-66558d67cc-4c5hs,1564152647990,355479
scenario-high-load-66558d67cc-4c5hs,1564152648991,367257
scenario-high-load-66558d67cc-4c5hs,1564152649992,384255
scenario-high-load-66558d67cc-4c5hs,1564152650993,344560
scenario-high-load-66558d67cc-4c5hs,1564152651994,389158
scenario-high-load-66558d67cc-4c5hs,1564152652995,349839
scenario-high-load-66558d67cc-4c5hs,1564152653996,352914
scenario-high-load-66558d67cc-4c5hs,1564152654997,347664
scenario-high-load-66558d67cc-4c5hs,1564152655998,375114
scenario-high-load-66558d67cc-4c5hs,1564152656999,319728
scenario-high-load-66558d67cc-4c5hs,1564152658000,327242
scenario-high-load-66558d67cc-4c5hs,1564152659001,364783
scenario-high-load-66558d67cc-4c5hs,1564152660002,370115
scenario-high-load-66558d67cc-4c5hs,1564152661003,363800
scenario-high-load-66558d67cc-4c5hs,1564152662004,340674
scenario-high-load-66558d67cc-4c5hs,1564152663005,313624
scenario-high-load-66558d67cc-4c5hs,1564152664006,330699
scenario-high-load-66558d67cc-4c5hs,1564152665007,359043
scenario-high-load-66558d67cc-4c5hs,1564152666008,307051
scenario-high-load-66558d67cc-4c5hs,1564152667009,335886
scenario-high-load-66558d67cc-4c5hs,1564152668010,346223
scenario-high-load-66558d67cc-4c5hs,1564152669011,366991
scenario-high-load-66558d67cc-4c5hs,1564152670012,311758
scenario-high-load-66558d67cc-4c5hs,1564152671013,321813
scenario-high-load-66558d67cc-4c5hs,1564152672014,312409
scenario-high-load-66558d67cc-4c5hs,1564152673015,332325
scenario-high-load-66558d67cc-4c5hs,1564152674016,336318
scenario-high-load-66558d67cc-4c5hs,1564152675017,376770
scenario-high-load-66558d67cc-4c5hs,1564152676018,329602
scenario-high-load-66558d67cc-4c5hs,1564152677019,318307
scenario-high-load-66558d67cc-4c5hs,1564152678020,346436
scenario-high-load-66558d67cc-4c5hs,1564152679021,372628
scenario-high-load-66558d67cc-4c5hs,1564152680022,363203
scenario-high-load-66558d67cc-4c5hs,1564152681023,309183
scenario-high-load-66558d67cc-4c5hs,1564152682024,315386
scenario-high-load-66558d67cc-4c5hs,1564152683025,307695
scenario-high-load-66558d67cc-4c5hs,1564152684026,337174
scenario-high-load-66558d67cc-4c5hs,1564152685027,306526
scenario-high-load-66558d67cc-4c5hs,1564152686028,362486
scenario-high-load-66558d67cc-4c5hs,1564152687029,313876
scenario-high-load-66558d67cc-4c5hs,1564152688030,354446
scenario-high-load-66558d67cc-4c5hs,1564152689031,347613
scenario-high-load-66558d67cc-4c5hs,1564152690032,332787
scenario-high-load-66558d67cc-4c5hs,1564152691033,309914
scenario-high-load-66558d67cc-4c5hs,1564152692034,371619
scenario-high-load-66558d67cc-4c5hs,1564152693035,303315
scenario-high-load-66558d67cc-4c5hs,1564152694036,369927
scenario-high-load-66558d67cc-4c5hs,1564152695037,355553
scenario-high-load-66558d67cc-4c5hs,1564152696038,322693
scenario-high-load-66558d67cc-4c5hs,1564152697039,338888
scenario-high-load-66558d67cc-4c5hs,1564152698040,329735
scenario-high-load-66558d67cc-4c5hs,1564152699041,383530
scenario-high-load-66558d67cc-4c5hs,1564152700042,378407
scenario-high-load-66558d67cc-4c5hs,1564152701043,303537
scenario-high-load-66558d67cc-4c5hs,1564152702044,317901
scenario-high-load-66558d67cc-4c5hs,1564152703045,335095
scenario-high-load-66558d67cc-4c5hs,1564152704046,305084
scenario-high-load-66558d67cc-4c5hs,1564152705047,332901
scenario-high-load-66558d67cc-4c5hs,1564152706048,319136
scenario-high-load-66558d67cc-4c5hs,1564152707049,306623
scenario-high-load-66558d67cc-8qtrh,1564152632419,53050
scenario-high-load-66558d67cc-8qtrh,1564152633429,97228
scenario-high-load-66558d67cc-8qtrh,1564152634430,73924
scenario-high-load-66558d67cc-8qtrh,1564152635431,93321
scenario-high-load-66558d67cc-8qtrh,1564152636432,90263
scenario-high-load-66558d67cc-8qtrh,1564152637433,94440
scenario-high-load-66558d67cc-8qtrh,1564152638444,97840
scenario-high-load-66558d67cc-8qtrh,1564152639445,90923
scenario-high-load-66558d67cc-8qtrh,1564152640446,48231
scenario-high-load-66558d67cc-8qtrh,1564152641447,90731
scenario-high-load-66558d67cc-8qtrh,1564152642448,97565
scenario-high-load-66558d67cc-8qtrh,1564152643449,98179
scenario-high-load-66558d67cc-8qtrh,1564152644450,80935
scenario-high-load-66558d67cc-8qtrh,1564152645451,87079
scenario-high-load-66558d67cc-8qtrh,1564152646465,88588
scenario-high-load-66558d67cc-8qtrh,1564152647466,91897
scenario-high-load-66558d67cc-8qtrh,1564152648483,95162
scenario-high-load-66558d67cc-8qtrh,1564152649485,86663
scenario-high-load-66558d67cc-8qtrh,1564152650486,86939
scenario-high-load-66558d67cc-8qtrh,1564152651487,93630
scenario-high-load-66558d67cc-8qtrh,1564152652488,90036
scenario-high-load-66558d67cc-8qtrh,1564152654634,67623
scenario-high-load-66558d67cc-8qtrh,1564152655635,80152
scenario-high-load-66558d67cc-8qtrh,1564152656636,87563
scenario-high-load-66558d67cc-8qtrh,1564152657637,83819
scenario-high-load-66558d67cc-8qtrh,1564152658648,77883
scenario-high-load-66558d67cc-8qtrh,1564152659649,85482
scenario-high-load-66558d67cc-8qtrh,1564152660650,86446
scenario-high-load-66558d67cc-8qtrh,1564152661676,82591
scenario-high-load-66558d67cc-8qtrh,1564152662677,80959
scenario-high-load-66558d67cc-8qtrh,1564152663678,83701
scenario-high-load-66558d67cc-8qtrh,1564152664691,89721
scenario-high-load-66558d67cc-8qtrh,1564152665692,77608
scenario-high-load-66558d67cc-8qtrh,1564152666693,83195
scenario-high-load-66558d67cc-8qtrh,1564152667694,85175
scenario-high-load-66558d67cc-8qtrh,1564152668695,82064
scenario-high-load-66558d67cc-8qtrh,1564152670832,30370
scenario-high-load-66558d67cc-8qtrh,1564152671833,62295
scenario-high-load-66558d67cc-8qtrh,1564152672834,85193
scenario-high-load-66558d67cc-8qtrh,1564152673835,81146
scenario-high-load-66558d67cc-8qtrh,1564152674836,85378
scenario-high-load-66558d67cc-8qtrh,1564152675837,78096
scenario-high-load-66558d67cc-8qtrh,1564152676838,78230
scenario-high-load-66558d67cc-8qtrh,1564152677839,72783
scenario-high-load-66558d67cc-8qtrh,1564152678840,69818
scenario-high-load-66558d67cc-8qtrh,1564152679841,68187
scenario-high-load-66558d67cc-8qtrh,1564152680842,83899
scenario-high-load-66558d67cc-8qtrh,1564152681843,78404
scenario-high-load-66558d67cc-8qtrh,1564152682844,78578
scenario-high-load-66558d67cc-8qtrh,1564152683845,70775
scenario-high-load-66558d67cc-8qtrh,1564152684846,74464
scenario-high-load-66558d67cc-8qtrh,1564152685870,69676
scenario-high-load-66558d67cc-8qtrh,1564152689290,59364
scenario-high-load-66558d67cc-8qtrh,1564152690314,52365
scenario-high-load-66558d67cc-8qtrh,1564152691320,74903
scenario-high-load-66558d67cc-8qtrh,1564152692321,75564
scenario-high-load-66558d67cc-8qtrh,1564152693329,73964
scenario-high-load-66558d67cc-8qtrh,1564152694330,82043
scenario-high-load-66558d67cc-8qtrh,1564152695331,79135
scenario-high-load-66558d67cc-8qtrh,1564152696332,78123
scenario-high-load-66558d67cc-8qtrh,1564152697362,82390
scenario-high-load-66558d67cc-8qtrh,1564152698372,74791
scenario-high-load-66558d67cc-8qtrh,1564152699375,82271
scenario-high-load-66558d67cc-8qtrh,1564152700384,82223
scenario-high-load-66558d67cc-8qtrh,1564152703550,7716
scenario-high-load-66558d67cc-8qtrh,1564152704554,45662
scenario-high-load-66558d67cc-8qtrh,1564152705555,76777
scenario-high-load-66558d67cc-8qtrh,1564152706556,73174
scenario-high-load-66558d67cc-k86tm,1564152640260,181219
scenario-high-load-66558d67cc-k86tm,1564152641261,192315
scenario-high-load-66558d67cc-k86tm,1564152642262,229452
scenario-high-load-66558d67cc-k86tm,1564152643263,214700
scenario-high-load-66558d67cc-k86tm,1564152644264,176560
scenario-high-load-66558d67cc-k86tm,1564152645265,181667
scenario-high-load-66558d67cc-k86tm,1564152646266,232773
scenario-high-load-66558d67cc-k86tm,1564152647267,224202
scenario-high-load-66558d67cc-k86tm,1564152648268,244136
scenario-high-load-66558d67cc-k86tm,1564152649269,263141
scenario-high-load-66558d67cc-k86tm,1564152650271,251382
scenario-high-load-66558d67cc-k86tm,1564152651272,215252
scenario-high-load-66558d67cc-k86tm,1564152652273,226306
scenario-high-load-66558d67cc-k86tm,1564152653274,219779
scenario-high-load-66558d67cc-k86tm,1564152654275,207189
scenario-high-load-66558d67cc-k86tm,1564152655276,234518
scenario-high-load-66558d67cc-k86tm,1564152656277,230904
scenario-high-load-66558d67cc-k86tm,1564152657278,280561
scenario-high-load-66558d67cc-k86tm,1564152658279,207589
scenario-high-load-66558d67cc-k86tm,1564152659280,234024
scenario-high-load-66558d67cc-k86tm,1564152660281,253369
scenario-high-load-66558d67cc-k86tm,1564152661282,206031
scenario-high-load-66558d67cc-k86tm,1564152662283,241320
scenario-high-load-66558d67cc-k86tm,1564152663284,316306
scenario-high-load-66558d67cc-k86tm,1564152664285,308488
scenario-high-load-66558d67cc-k86tm,1564152665286,253972
scenario-high-load-66558d67cc-k86tm,1564152666287,217093
scenario-high-load-66558d67cc-k86tm,1564152667288,295141
scenario-high-load-66558d67cc-k86tm,1564152668289,247779
scenario-high-load-66558d67cc-k86tm,1564152669290,222863
scenario-high-load-66558d67cc-k86tm,1564152670291,297900
scenario-high-load-66558d67cc-k86tm,1564152671292,294438
scenario-high-load-66558d67cc-k86tm,1564152672293,292830
scenario-high-load-66558d67cc-k86tm,1564152673294,180382
scenario-high-load-66558d67cc-k86tm,1564152674295,305838
scenario-high-load-66558d67cc-k86tm,1564152675296,310047
scenario-high-load-66558d67cc-k86tm,1564152676297,291845
scenario-high-load-66558d67cc-k86tm,1564152677298,219681
scenario-high-load-66558d67cc-k86tm,1564152678299,279384
scenario-high-load-66558d67cc-k86tm,1564152679300,262461
scenario-high-load-66558d67cc-k86tm,1564152680301,313876
scenario-high-load-66558d67cc-k86tm,1564152681302,297232
scenario-high-load-66558d67cc-k86tm,1564152682303,275425
scenario-high-load-66558d67cc-k86tm,1564152683304,223943
scenario-high-load-66558d67cc-k86tm,1564152684305,211898
scenario-high-load-66558d67cc-k86tm,1564152685306,255558
scenario-high-load-66558d67cc-k86tm,1564152686307,244860
scenario-high-load-66558d67cc-k86tm,1564152687308,228386
scenario-high-load-66558d67cc-k86tm,1564152688309,225430
scenario-high-load-66558d67cc-k86tm,1564152689310,223546
scenario-high-load-66558d67cc-k86tm,1564152690311,206950
scenario-high-load-66558d67cc-k86tm,1564152691312,248587
scenario-high-load-66558d67cc-k86tm,1564152692313,255215
scenario-high-load-66558d67cc-k86tm,1564152693314,295378
scenario-high-load-66558d67cc-k86tm,1564152694315,230880
scenario-high-load-66558d67cc-k86tm,1564152695316,197731
scenario-high-load-66558d67cc-k86tm,1564152696317,222867
scenario-high-load-66558d67cc-k86tm,1564152697318,210744
scenario-high-load-66558d67cc-k86tm,1564152698319,180169
scenario-high-load-66558d67cc-k86tm,1564152699320,222721
scenario-high-load-66558d67cc-k86tm,1564152700321,231931
scenario-high-load-66558d67cc-k86tm,1564152701322,212304
scenario-high-load-66558d67cc-k86tm,1564152702323,204264
scenario-high-load-66558d67cc-k86tm,1564152703337,197206
scenario-high-load-66558d67cc-k86tm,1564152704338,185106
scenario-high-load-66558d67cc-k86tm,1564152705339,209123
scenario-high-load-66558d67cc-k86tm,1564152706340,204093
scenario-high-load-66558d67cc-ktft9,1564152632887,174745
scenario-high-load-66558d67cc-ktft9,1564152633888,237398
scenario-high-load-66558d67cc-ktft9,1564152634889,309688
scenario-high-load-66558d67cc-ktft9,1564152635892,185687
scenario-high-load-66558d67cc-ktft9,1564152636893,186840
scenario-high-load-66558d67cc-ktft9,1564152637894,210652
scenario-high-load-66558d67cc-ktft9,1564152638895,181809
scenario-high-load-66558d67cc-ktft9,1564152639896,176690
scenario-high-load-66558d67cc-ktft9,1564152640897,174121
scenario-high-load-66558d67cc-ktft9,1564152641898,186863
scenario-high-load-66558d67cc-ktft9,1564152642899,182532
scenario-high-load-66558d67cc-ktft9,1564152643900,207489
scenario-high-load-66558d67cc-ktft9,1564152644901,244844
scenario-high-load-66558d67cc-ktft9,1564152645902,289977
scenario-high-load-66558d67cc-ktft9,1564152646903,229564
scenario-high-load-66558d67cc-ktft9,1564152647904,204894
scenario-high-load-66558d67cc-ktft9,1564152648905,245022
scenario-high-load-66558d67cc-ktft9,1564152649906,241207
scenario-high-load-66558d67cc-ktft9,1564152650907,262968
scenario-high-load-66558d67cc-ktft9,1564152651908,265739
scenario-high-load-66558d67cc-ktft9,1564152652909,219421
scenario-high-load-66558d67cc-ktft9,1564152653910,242497
scenario-high-load-66558d67cc-ktft9,1564152654911,274597
scenario-high-load-66558d67cc-ktft9,1564152655912,221066
scenario-high-load-66558d67cc-ktft9,1564152656913,192026
scenario-high-load-66558d67cc-ktft9,1564152657914,187341
scenario-high-load-66558d67cc-ktft9,1564152658915,208277
scenario-high-load-66558d67cc-ktft9,1564152659916,217967
scenario-high-load-66558d67cc-ktft9,1564152660917,221611
scenario-high-load-66558d67cc-ktft9,1564152661918,206708
scenario-high-load-66558d67cc-ktft9,1564152662919,207066
scenario-high-load-66558d67cc-ktft9,1564152663920,196466
scenario-high-load-66558d67cc-ktft9,1564152664921,212664
scenario-high-load-66558d67cc-ktft9,1564152665922,212636
scenario-high-load-66558d67cc-ktft9,1564152666923,215017
scenario-high-load-66558d67cc-ktft9,1564152667924,197721
scenario-high-load-66558d67cc-ktft9,1564152668925,183254
scenario-high-load-66558d67cc-ktft9,1564152669926,205510
scenario-high-load-66558d67cc-ktft9,1564152670927,207746
scenario-high-load-66558d67cc-ktft9,1564152671928,251937
scenario-high-load-66558d67cc-ktft9,1564152672929,205028
scenario-high-load-66558d67cc-ktft9,1564152673930,224731
scenario-high-load-66558d67cc-ktft9,1564152674931,208880
scenario-high-load-66558d67cc-ktft9,1564152675932,198567
scenario-high-load-66558d67cc-ktft9,1564152676939,212061
scenario-high-load-66558d67cc-ktft9,1564152677940,202143
scenario-high-load-66558d67cc-ktft9,1564152678941,178110
scenario-high-load-66558d67cc-ktft9,1564152679942,209145
scenario-high-load-66558d67cc-ktft9,1564152680943,200757
scenario-high-load-66558d67cc-ktft9,1564152681944,217655
scenario-high-load-66558d67cc-ktft9,1564152682945,246588
scenario-high-load-66558d67cc-ktft9,1564152683946,245098
scenario-high-load-66558d67cc-ktft9,1564152684947,256095
scenario-high-load-66558d67cc-ktft9,1564152685948,213293
scenario-high-load-66558d67cc-ktft9,1564152686949,219977
scenario-high-load-66558d67cc-ktft9,1564152687950,192183
scenario-high-load-66558d67cc-ktft9,1564152688951,230550
scenario-high-load-66558d67cc-ktft9,1564152689952,223912
scenario-high-load-66558d67cc-ktft9,1564152690953,225900
scenario-high-load-66558d67cc-ktft9,1564152691954,205812
scenario-high-load-66558d67cc-ktft9,1564152692955,213986
scenario-high-load-66558d67cc-ktft9,1564152693961,208218
scenario-high-load-66558d67cc-ktft9,1564152694962,178375
scenario-high-load-66558d67cc-ktft9,1564152695963,222983
scenario-high-load-66558d67cc-ktft9,1564152696964,201678
scenario-high-load-66558d67cc-ktft9,1564152697965,255619
scenario-high-load-66558d67cc-ktft9,1564152698966,300752
scenario-high-load-66558d67cc-ktft9,1564152699967,233191
scenario-high-load-66558d67cc-ktft9,1564152700968,218324
scenario-high-load-66558d67cc-ktft9,1564152701969,250857
scenario-high-load-66558d67cc-ktft9,1564152702970,246311
scenario-high-load-66558d67cc-ktft9,1564152703971,232367
scenario-high-load-66558d67cc-ktft9,1564152704972,226829
scenario-high-load-66558d67cc-ktft9,1564152705973,251642
scenario-high-load-66558d67cc-ktft9,1564152706974,212698
scenario-high-load-66558d67cc-zxctp,1564152694725,230309
scenario-high-load-66558d67cc-zxctp,1564152695726,262341
scenario-high-load-66558d67cc-zxctp,1564152696727,255879
scenario-high-load-66558d67cc-zxctp,1564152697728,267675
scenario-high-load-66558d67cc-zxctp,1564152698729,329304
scenario-high-load-66558d67cc-zxctp,1564152699730,272498
scenario-high-load-66558d67cc-zxctp,1564152700731,281606
scenario-high-load-66558d67cc-zxctp,1564152701732,360008
scenario-high-load-66558d67cc-zxctp,1564152702733,345324
scenario-high-load-66558d67cc-zxctp,1564152703734,366385
scenario-high-load-66558d67cc-zxctp,1564152704735,392026
scenario-high-load-66558d67cc-zxctp,1564152705736,300332
scenario-high-load-66558d67cc-zxctp,1564152706737,266995
