1560710562,crossbar-7f8cd85b47-mrczk,109424Ki
1560710563,crossbar-7f8cd85b47-mrczk,109424Ki
1560710564,crossbar-7f8cd85b47-mrczk,109424Ki
1560710565,crossbar-7f8cd85b47-mrczk,109424Ki
1560710567,crossbar-7f8cd85b47-mrczk,109424Ki
1560710568,crossbar-7f8cd85b47-mrczk,109424Ki
1560710569,crossbar-7f8cd85b47-mrczk,109424Ki
1560710570,crossbar-7f8cd85b47-mrczk,109424Ki
1560710571,crossbar-7f8cd85b47-mrczk,109424Ki
1560710572,crossbar-7f8cd85b47-mrczk,109424Ki
1560710573,crossbar-7f8cd85b47-mrczk,109424Ki
1560710574,crossbar-7f8cd85b47-mrczk,109424Ki
1560710575,crossbar-7f8cd85b47-mrczk,109424Ki
1560710576,crossbar-7f8cd85b47-mrczk,109424Ki
1560710577,crossbar-7f8cd85b47-mrczk,109484Ki
1560710578,crossbar-7f8cd85b47-mrczk,109484Ki
1560710579,crossbar-7f8cd85b47-mrczk,109484Ki
1560710580,crossbar-7f8cd85b47-mrczk,109484Ki
1560710581,crossbar-7f8cd85b47-mrczk,109484Ki
1560710582,crossbar-7f8cd85b47-mrczk,109484Ki
1560710583,crossbar-7f8cd85b47-mrczk,109484Ki
1560710584,crossbar-7f8cd85b47-mrczk,109484Ki
1560710585,crossbar-7f8cd85b47-mrczk,109484Ki
1560710586,crossbar-7f8cd85b47-mrczk,109484Ki
1560710587,crossbar-7f8cd85b47-mrczk,109484Ki
1560710588,crossbar-7f8cd85b47-mrczk,109484Ki
1560710589,crossbar-7f8cd85b47-mrczk,109484Ki
1560710590,crossbar-7f8cd85b47-mrczk,109484Ki
1560710592,crossbar-7f8cd85b47-mrczk,109484Ki
1560710593,crossbar-7f8cd85b47-mrczk,109484Ki
1560710594,crossbar-7f8cd85b47-mrczk,109484Ki
1560710595,crossbar-7f8cd85b47-mrczk,109484Ki
1560710596,crossbar-7f8cd85b47-mrczk,109484Ki
1560710597,crossbar-7f8cd85b47-mrczk,109484Ki
1560710598,crossbar-7f8cd85b47-mrczk,109484Ki
1560710599,crossbar-7f8cd85b47-mrczk,109484Ki
1560710600,crossbar-7f8cd85b47-mrczk,109484Ki
1560710601,crossbar-7f8cd85b47-mrczk,109484Ki
1560710602,crossbar-7f8cd85b47-mrczk,109484Ki
1560710603,crossbar-7f8cd85b47-mrczk,109484Ki
1560710604,crossbar-7f8cd85b47-mrczk,109484Ki
1560710605,crossbar-7f8cd85b47-mrczk,109484Ki
1560710606,crossbar-7f8cd85b47-mrczk,109484Ki
1560710607,crossbar-7f8cd85b47-mrczk,109484Ki
1560710608,crossbar-7f8cd85b47-mrczk,109484Ki
1560710609,crossbar-7f8cd85b47-mrczk,109484Ki
1560710610,crossbar-7f8cd85b47-mrczk,109484Ki
1560710611,crossbar-7f8cd85b47-mrczk,109484Ki
1560710612,crossbar-7f8cd85b47-mrczk,109484Ki
1560710613,crossbar-7f8cd85b47-mrczk,109484Ki
1560710615,crossbar-7f8cd85b47-mrczk,109484Ki
1560710616,crossbar-7f8cd85b47-mrczk,109484Ki
1560710617,crossbar-7f8cd85b47-mrczk,109484Ki
1560710618,crossbar-7f8cd85b47-mrczk,109484Ki
1560710619,crossbar-7f8cd85b47-mrczk,109484Ki
1560710620,crossbar-7f8cd85b47-mrczk,109484Ki
1560710621,crossbar-7f8cd85b47-mrczk,109484Ki
1560710622,crossbar-7f8cd85b47-mrczk,109484Ki
1560710623,crossbar-7f8cd85b47-mrczk,109484Ki
1560710624,crossbar-7f8cd85b47-mrczk,109484Ki
1560710625,crossbar-7f8cd85b47-mrczk,109484Ki
1560710626,crossbar-7f8cd85b47-mrczk,109484Ki
1560710627,crossbar-7f8cd85b47-mrczk,109484Ki
1560710628,crossbar-7f8cd85b47-mrczk,109484Ki
1560710629,crossbar-7f8cd85b47-mrczk,109484Ki
1560710630,crossbar-7f8cd85b47-mrczk,109484Ki
1560710631,crossbar-7f8cd85b47-mrczk,109484Ki
1560710632,crossbar-7f8cd85b47-mrczk,109484Ki
1560710633,crossbar-7f8cd85b47-mrczk,109484Ki
1560710634,crossbar-7f8cd85b47-mrczk,109484Ki
1560710635,crossbar-7f8cd85b47-mrczk,109484Ki
1560710636,crossbar-7f8cd85b47-mrczk,109484Ki
1560710638,crossbar-7f8cd85b47-mrczk,109536Ki
1560710639,crossbar-7f8cd85b47-mrczk,109536Ki
1560710640,crossbar-7f8cd85b47-mrczk,109536Ki
1560710641,crossbar-7f8cd85b47-mrczk,109536Ki
1560710642,crossbar-7f8cd85b47-mrczk,109536Ki
1560710643,crossbar-7f8cd85b47-mrczk,109536Ki
1560710644,crossbar-7f8cd85b47-mrczk,109536Ki
1560710645,crossbar-7f8cd85b47-mrczk,109536Ki
1560710646,crossbar-7f8cd85b47-mrczk,109536Ki
1560710647,crossbar-7f8cd85b47-mrczk,109536Ki
1560710648,crossbar-7f8cd85b47-mrczk,109536Ki
1560710649,crossbar-7f8cd85b47-mrczk,109536Ki
1560710650,crossbar-7f8cd85b47-mrczk,109536Ki
1560710651,crossbar-7f8cd85b47-mrczk,109536Ki
1560710652,crossbar-7f8cd85b47-mrczk,109536Ki
1560710653,crossbar-7f8cd85b47-mrczk,109536Ki
1560710654,crossbar-7f8cd85b47-mrczk,109536Ki
1560710655,crossbar-7f8cd85b47-mrczk,109536Ki
1560710656,crossbar-7f8cd85b47-mrczk,109536Ki
1560710657,crossbar-7f8cd85b47-mrczk,109536Ki
1560710658,crossbar-7f8cd85b47-mrczk,109536Ki
1560710659,crossbar-7f8cd85b47-mrczk,109536Ki
1560710660,crossbar-7f8cd85b47-mrczk,109536Ki
1560710662,crossbar-7f8cd85b47-mrczk,109536Ki
1560710663,crossbar-7f8cd85b47-mrczk,109536Ki
1560710664,crossbar-7f8cd85b47-mrczk,109536Ki
1560710665,crossbar-7f8cd85b47-mrczk,109536Ki
1560710666,crossbar-7f8cd85b47-mrczk,109536Ki
1560710667,crossbar-7f8cd85b47-mrczk,109536Ki
1560710668,crossbar-7f8cd85b47-mrczk,109536Ki
1560710669,crossbar-7f8cd85b47-mrczk,109536Ki
1560710670,crossbar-7f8cd85b47-mrczk,109536Ki
1560710671,crossbar-7f8cd85b47-mrczk,109536Ki
1560710672,crossbar-7f8cd85b47-mrczk,109536Ki
1560710673,crossbar-7f8cd85b47-mrczk,109536Ki
1560710674,crossbar-7f8cd85b47-mrczk,109536Ki
1560710675,crossbar-7f8cd85b47-mrczk,109536Ki
1560710676,crossbar-7f8cd85b47-mrczk,109536Ki
1560710677,crossbar-7f8cd85b47-mrczk,109536Ki
1560710678,crossbar-7f8cd85b47-mrczk,109536Ki
1560710679,crossbar-7f8cd85b47-mrczk,109536Ki
1560710680,crossbar-7f8cd85b47-mrczk,109536Ki
1560710681,crossbar-7f8cd85b47-mrczk,109536Ki
1560710682,crossbar-7f8cd85b47-mrczk,109536Ki
1560710683,crossbar-7f8cd85b47-mrczk,109536Ki
1560710684,crossbar-7f8cd85b47-mrczk,109536Ki
1560710685,crossbar-7f8cd85b47-mrczk,109536Ki
1560710687,crossbar-7f8cd85b47-mrczk,109536Ki
1560710688,crossbar-7f8cd85b47-mrczk,109536Ki
1560710689,crossbar-7f8cd85b47-mrczk,109536Ki
1560710690,crossbar-7f8cd85b47-mrczk,109536Ki
1560710691,crossbar-7f8cd85b47-mrczk,109536Ki
1560710692,crossbar-7f8cd85b47-mrczk,109536Ki
1560710693,crossbar-7f8cd85b47-mrczk,109536Ki
1560710694,crossbar-7f8cd85b47-mrczk,109536Ki
1560710695,crossbar-7f8cd85b47-mrczk,109536Ki
1560710696,crossbar-7f8cd85b47-mrczk,109536Ki
1560710697,crossbar-7f8cd85b47-mrczk,109588Ki
1560710698,crossbar-7f8cd85b47-mrczk,109588Ki
1560710699,crossbar-7f8cd85b47-mrczk,109588Ki
1560710700,crossbar-7f8cd85b47-mrczk,109588Ki
1560710701,crossbar-7f8cd85b47-mrczk,109588Ki
1560710702,crossbar-7f8cd85b47-mrczk,109588Ki
1560710703,crossbar-7f8cd85b47-mrczk,109588Ki
1560710704,crossbar-7f8cd85b47-mrczk,109588Ki
1560710705,crossbar-7f8cd85b47-mrczk,109588Ki
1560710706,crossbar-7f8cd85b47-mrczk,109588Ki
1560710707,crossbar-7f8cd85b47-mrczk,109588Ki
1560710708,crossbar-7f8cd85b47-mrczk,109588Ki
1560710709,crossbar-7f8cd85b47-mrczk,109588Ki
1560710710,crossbar-7f8cd85b47-mrczk,109588Ki
1560710712,crossbar-7f8cd85b47-mrczk,109588Ki
1560710713,crossbar-7f8cd85b47-mrczk,109588Ki
1560710714,crossbar-7f8cd85b47-mrczk,109588Ki
1560710715,crossbar-7f8cd85b47-mrczk,109588Ki
1560710716,crossbar-7f8cd85b47-mrczk,109588Ki
1560710717,crossbar-7f8cd85b47-mrczk,109588Ki
1560710718,crossbar-7f8cd85b47-mrczk,109588Ki
1560710719,crossbar-7f8cd85b47-mrczk,109588Ki
1560710720,crossbar-7f8cd85b47-mrczk,109588Ki
1560710721,crossbar-7f8cd85b47-mrczk,109588Ki
1560710722,crossbar-7f8cd85b47-mrczk,109588Ki
1560710723,crossbar-7f8cd85b47-mrczk,109588Ki
1560710724,crossbar-7f8cd85b47-mrczk,109588Ki
1560710725,crossbar-7f8cd85b47-mrczk,109588Ki
1560710726,crossbar-7f8cd85b47-mrczk,109588Ki
1560710727,crossbar-7f8cd85b47-mrczk,109588Ki
1560710728,crossbar-7f8cd85b47-mrczk,109588Ki
1560710729,crossbar-7f8cd85b47-mrczk,109588Ki
1560710730,crossbar-7f8cd85b47-mrczk,109588Ki
1560710731,crossbar-7f8cd85b47-mrczk,109588Ki
1560710732,crossbar-7f8cd85b47-mrczk,109588Ki
1560710733,crossbar-7f8cd85b47-mrczk,109588Ki
1560710734,crossbar-7f8cd85b47-mrczk,109588Ki
1560710736,crossbar-7f8cd85b47-mrczk,109588Ki
1560710737,crossbar-7f8cd85b47-mrczk,109588Ki
1560710738,crossbar-7f8cd85b47-mrczk,109588Ki
1560710739,crossbar-7f8cd85b47-mrczk,109588Ki
1560710740,crossbar-7f8cd85b47-mrczk,109588Ki
1560710741,crossbar-7f8cd85b47-mrczk,109588Ki
1560710742,crossbar-7f8cd85b47-mrczk,109588Ki
1560710743,crossbar-7f8cd85b47-mrczk,109588Ki
1560710744,crossbar-7f8cd85b47-mrczk,109588Ki
1560710745,crossbar-7f8cd85b47-mrczk,109588Ki
1560710746,crossbar-7f8cd85b47-mrczk,109588Ki
1560710747,crossbar-7f8cd85b47-mrczk,109588Ki
1560710748,crossbar-7f8cd85b47-mrczk,109588Ki
1560710749,crossbar-7f8cd85b47-mrczk,109588Ki
1560710750,crossbar-7f8cd85b47-mrczk,109588Ki
1560710751,crossbar-7f8cd85b47-mrczk,109588Ki
1560710752,crossbar-7f8cd85b47-mrczk,109588Ki
1560710753,crossbar-7f8cd85b47-mrczk,109588Ki
1560710754,crossbar-7f8cd85b47-mrczk,109588Ki
1560710755,crossbar-7f8cd85b47-mrczk,109588Ki
1560710756,crossbar-7f8cd85b47-mrczk,109588Ki
1560710757,crossbar-7f8cd85b47-mrczk,109636Ki
1560710758,crossbar-7f8cd85b47-mrczk,109636Ki
1560710760,crossbar-7f8cd85b47-mrczk,109636Ki
1560710761,crossbar-7f8cd85b47-mrczk,109636Ki
1560710762,crossbar-7f8cd85b47-mrczk,109636Ki
1560710763,crossbar-7f8cd85b47-mrczk,109636Ki
1560710764,crossbar-7f8cd85b47-mrczk,109636Ki
1560710765,crossbar-7f8cd85b47-mrczk,109636Ki
1560710766,crossbar-7f8cd85b47-mrczk,109636Ki
1560710767,crossbar-7f8cd85b47-mrczk,109636Ki
1560710768,crossbar-7f8cd85b47-mrczk,109636Ki
1560710769,crossbar-7f8cd85b47-mrczk,109636Ki
1560710770,crossbar-7f8cd85b47-mrczk,109636Ki
1560710771,crossbar-7f8cd85b47-mrczk,109636Ki
1560710772,crossbar-7f8cd85b47-mrczk,109636Ki
1560710773,crossbar-7f8cd85b47-mrczk,109636Ki
1560710774,crossbar-7f8cd85b47-mrczk,109636Ki
1560710775,crossbar-7f8cd85b47-mrczk,109636Ki
1560710776,crossbar-7f8cd85b47-mrczk,109636Ki
1560710777,crossbar-7f8cd85b47-mrczk,109636Ki
1560710778,crossbar-7f8cd85b47-mrczk,109636Ki
1560710779,crossbar-7f8cd85b47-mrczk,109636Ki
1560710780,crossbar-7f8cd85b47-mrczk,109636Ki
1560710781,crossbar-7f8cd85b47-mrczk,109636Ki
1560710782,crossbar-7f8cd85b47-mrczk,109636Ki
1560710784,crossbar-7f8cd85b47-mrczk,109636Ki
1560710785,crossbar-7f8cd85b47-mrczk,109636Ki
1560710786,crossbar-7f8cd85b47-mrczk,109636Ki
1560710787,crossbar-7f8cd85b47-mrczk,109636Ki
1560710788,crossbar-7f8cd85b47-mrczk,109636Ki
1560710789,crossbar-7f8cd85b47-mrczk,109636Ki
1560710790,crossbar-7f8cd85b47-mrczk,109636Ki
1560710791,crossbar-7f8cd85b47-mrczk,109636Ki
1560710792,crossbar-7f8cd85b47-mrczk,109636Ki
1560710793,crossbar-7f8cd85b47-mrczk,109636Ki
1560710794,crossbar-7f8cd85b47-mrczk,109636Ki
1560710795,crossbar-7f8cd85b47-mrczk,109636Ki
1560710796,crossbar-7f8cd85b47-mrczk,109636Ki
1560710797,crossbar-7f8cd85b47-mrczk,109636Ki
1560710798,crossbar-7f8cd85b47-mrczk,109636Ki
1560710799,crossbar-7f8cd85b47-mrczk,109636Ki
1560710800,crossbar-7f8cd85b47-mrczk,109636Ki
1560710801,crossbar-7f8cd85b47-mrczk,109636Ki
1560710802,crossbar-7f8cd85b47-mrczk,109636Ki
1560710803,crossbar-7f8cd85b47-mrczk,109636Ki
1560710804,crossbar-7f8cd85b47-mrczk,109636Ki
1560710805,crossbar-7f8cd85b47-mrczk,109636Ki
1560710806,crossbar-7f8cd85b47-mrczk,109636Ki
1560710808,crossbar-7f8cd85b47-mrczk,109636Ki
1560710809,crossbar-7f8cd85b47-mrczk,109636Ki
1560710810,crossbar-7f8cd85b47-mrczk,109636Ki
1560710811,crossbar-7f8cd85b47-mrczk,109636Ki
1560710812,crossbar-7f8cd85b47-mrczk,109636Ki
1560710813,crossbar-7f8cd85b47-mrczk,109636Ki
1560710814,crossbar-7f8cd85b47-mrczk,109636Ki
1560710815,crossbar-7f8cd85b47-mrczk,109636Ki
1560710816,crossbar-7f8cd85b47-mrczk,109636Ki
1560710817,crossbar-7f8cd85b47-mrczk,109696Ki
1560710818,crossbar-7f8cd85b47-mrczk,109696Ki
1560710819,crossbar-7f8cd85b47-mrczk,109696Ki
1560710820,crossbar-7f8cd85b47-mrczk,109696Ki
1560710821,crossbar-7f8cd85b47-mrczk,109696Ki
1560710822,crossbar-7f8cd85b47-mrczk,109696Ki
1560710823,crossbar-7f8cd85b47-mrczk,109696Ki
1560710824,crossbar-7f8cd85b47-mrczk,109696Ki
1560710825,crossbar-7f8cd85b47-mrczk,109696Ki
1560710826,crossbar-7f8cd85b47-mrczk,109696Ki
1560710827,crossbar-7f8cd85b47-mrczk,109696Ki
1560710828,crossbar-7f8cd85b47-mrczk,109696Ki
1560710829,crossbar-7f8cd85b47-mrczk,109696Ki
1560710830,crossbar-7f8cd85b47-mrczk,109696Ki
1560710832,crossbar-7f8cd85b47-mrczk,109696Ki
1560710833,crossbar-7f8cd85b47-mrczk,109696Ki
1560710834,crossbar-7f8cd85b47-mrczk,109696Ki
1560710835,crossbar-7f8cd85b47-mrczk,109696Ki
1560710836,crossbar-7f8cd85b47-mrczk,109696Ki
1560710837,crossbar-7f8cd85b47-mrczk,109696Ki
1560710838,crossbar-7f8cd85b47-mrczk,109696Ki
1560710839,crossbar-7f8cd85b47-mrczk,109696Ki
1560710840,crossbar-7f8cd85b47-mrczk,109696Ki
1560710841,crossbar-7f8cd85b47-mrczk,109696Ki
1560710842,crossbar-7f8cd85b47-mrczk,109696Ki
1560710843,crossbar-7f8cd85b47-mrczk,109696Ki
1560710844,crossbar-7f8cd85b47-mrczk,109696Ki
1560710845,crossbar-7f8cd85b47-mrczk,109696Ki
1560710846,crossbar-7f8cd85b47-mrczk,109696Ki
1560710847,crossbar-7f8cd85b47-mrczk,109696Ki
1560710848,crossbar-7f8cd85b47-mrczk,109696Ki
1560710849,crossbar-7f8cd85b47-mrczk,109696Ki
1560710850,crossbar-7f8cd85b47-mrczk,109696Ki
1560710851,crossbar-7f8cd85b47-mrczk,109696Ki
1560710852,crossbar-7f8cd85b47-mrczk,109696Ki
1560710853,crossbar-7f8cd85b47-mrczk,109696Ki
1560710854,crossbar-7f8cd85b47-mrczk,109696Ki
1560710855,crossbar-7f8cd85b47-mrczk,109696Ki
1560710857,crossbar-7f8cd85b47-mrczk,109696Ki
1560710858,crossbar-7f8cd85b47-mrczk,109696Ki
1560710859,crossbar-7f8cd85b47-mrczk,109696Ki
1560710860,crossbar-7f8cd85b47-mrczk,109696Ki
1560710861,crossbar-7f8cd85b47-mrczk,109696Ki
1560710862,crossbar-7f8cd85b47-mrczk,109696Ki
